Rank,Player,Pos,Team,Tier,Value,Value Band,Confidence,Action,Sources,KTC,KTC Rank,IDPTC,IDPTC Rank,DLF SF,DLF SF Rank,DLF RK,DLF RK Rank,DLF IDP,DLF IDP Rank,DLF RK-IDP,DLF RK-IDP Rank,IDP Show,IDP Show Rank,DN SF-TEP,DN SF-TEP Rank,FC,FC Rank,OTC,OTC Rank,FN,FN Rank,PFK,PFK Rank,DD,DD Rank,FP SF,FP SF Rank,FP IDP,FP IDP Rank,Fitzmaurice,Fitzmaurice Rank,FF,FF Rank,Flock RK,Flock RK Rank,Boone,Boone Rank,DS,DS Rank,DS IDP,DS IDP Rank,Value Basis
1,Josh Allen,QB,BUF,Tier 1,9987,S+,high,Consensus asset,13,9983,,9983,2,9999,1,,,,,,,,,9999,1,9999,1,9752,3,9999,1,9883,2,9883,2,9999,1,,,9999,1,9999,1,,,9999,1,9999,1,,,Market consensus
2,Brock Bowers,TE,LV,Tier 1,9878,S+,high,Consensus asset,13,9924,,9872,7,9429,15,,,,,,,,,9989,7,9999,8,9704,13,9297,16,9999,8,9999,8,7903,28,,,9956,8,9297,16,,,9956,8,7940,16,,,Market consensus
3,Bijan Robinson,RB,ATL,Tier 1,9689,S+,high,Consensus asset,13,9999,,9999,1,9076,8,,,,,,,,,9883,2,9883,2,9999,1,9883,2,9617,4,9752,3,8944,9,,,9345,6,9752,3,,,9076,8,8344,7,,,Market consensus
4,Drake Maye,QB,NE,Tier 1,9630,S+,high,Consensus asset,13,9199,,9406,6,9752,3,,,,,,,,,9752,3,9345,6,9481,5,9481,5,9999,1,9481,5,9883,2,,,9999,1,9617,4,,,9883,2,8711,5,,,Market consensus
5,Ja'Marr Chase,WR,CIN,Tier 1,9624,S+,high,Consensus asset,12,9982,,9978,3,9883,2,,,,,,,,,9617,4,9752,3,9617,4,,,9210,7,9617,4,9617,4,,,9752,3,9617,4,,,8687,11,7898,10,,,Market consensus
6,Jahmyr Gibbs,RB,DET,Tier 1,9519,S+,high,Consensus asset,13,9993,,9835,4,9210,7,,,,,,,,,9481,5,9617,4,9883,2,9752,3,9345,6,9999,1,8687,11,,,9076,8,9883,2,,,8814,10,8036,9,,,Market consensus
7,Jaxon Smith-Njigba,WR,SEA,Tier 1,9341,S+,high,Consensus asset,13,9247,,9646,5,9617,4,,,,,,,,,9345,6,9481,5,9345,6,8561,12,9752,3,9345,6,9345,6,,,9345,6,9345,6,,,8561,12,7123,17,,,Market consensus
8,Puka Nacua,WR,LAR,Tier 1,9173,S+,high,Consensus asset,13,8929,,8682,8,9345,6,,,,,,,,,9076,8,9210,7,9210,7,9617,4,9481,5,9210,7,8814,10,,,8438,13,9210,7,,,8199,15,6780,21,,,Market consensus
9,Trey McBride,TE,ARI,Tier 1,9028,S+,high,Consensus asset,13,8881,,9023,10,8914,19,,,,,,,,,9417,12,9038,18,8791,20,8791,20,9704,13,9297,16,7514,32,,,8892,16,8791,20,,,9150,14,7640,19,,,Market consensus
10,Lamar Jackson,QB,BAL,Tier 1,8964,S+,high,Consensus asset,13,7571,,7631,17,9481,5,,,,,,,,,7242,24,8687,11,8318,14,9345,6,8687,11,8438,13,9481,5,,,9617,4,8944,9,,,9617,4,8928,4,,,Market consensus
11,Jayden Daniels,QB,WAS,Tier 1,8898,S+,high,Consensus asset,13,7519,,7850,14,8687,11,,,,,,,,,8814,10,8814,10,8687,11,9210,7,8944,9,8687,11,9752,3,,,9617,4,9076,8,,,9752,3,8519,6,,,Market consensus
12,Caleb Williams,QB,CHI,Tier 1,8789,S+,high,Consensus asset,13,7937,,8032,11,7970,17,,,,,,,,,8944,9,8561,12,8814,10,8814,10,8561,12,8944,9,9210,7,,,9076,8,8687,11,,,9345,6,6703,22,,,Market consensus
13,Joe Burrow,QB,CIN,Tier 2,8428,S+,high,Consensus asset,13,7427,,7459,19,8318,14,,,,,,,,,7859,18,8318,14,8084,16,9076,8,8814,10,7970,17,9076,8,,,9076,8,7859,18,,,9481,5,9486,2,,,Market consensus
14,Amon-Ra St. Brown,WR,DET,Tier 2,8412,S+,high,Consensus asset,12,7858,,7898,13,8814,10,,,,,,,,,8438,13,8944,9,8561,12,,,8199,15,8814,10,8199,15,,,7751,19,8814,10,,,7644,20,6417,26,,,Market consensus
15,Ashton Jeanty,RB,LV,Tier 2,8118,S+,high,Consensus asset,13,7592,,7651,16,7644,20,,,,,,,,,8687,11,8438,13,9076,8,8687,11,8084,16,8561,12,7859,18,,,7242,24,8687,11,,,7859,18,7531,13,,,Market consensus
16,Justin Jefferson,WR,MIN,Tier 2,8106,S+,high,Consensus asset,13,7563,,7674,15,8561,12,,,,,,,,,8318,14,7970,17,8199,15,8944,9,7859,18,8199,15,8084,16,,,7644,20,8199,15,,,7540,21,6861,20,-16,,Market consensus
17,Malik Nabers,WR,NYG,Tier 2,7946,S,high,Consensus asset,13,7338,,7453,20,8084,16,,,,,,,,,7970,17,8084,16,7970,17,8199,15,8318,14,7859,18,7751,19,,,7540,21,8438,13,,,7439,22,6288,28,,,Market consensus
18,Jeremiyah Love,RB,ARI,Tier 2,7875,S,high,Consensus asset,15,7411,,7587,18,7339,23,9999,1,,,,,,,7751,19,8199,15,8944,9,8318,14,7970,17,8318,14,7242,24,,,7053,26,8318,14,9999,1,6872,28,7768,11,,,Market consensus
19,CeeDee Lamb,WR,DAL,Tier 2,7792,S,high,Consensus asset,13,7146,,7280,21,8438,13,,,,,,,,,8199,15,7751,19,7751,19,8438,13,7540,21,7751,19,7644,20,,,7540,21,7970,17,,,7751,19,6555,24,,,Market consensus
20,Justin Herbert,QB,LAC,Tier 2,7740,S,high,Consensus asset,13,7143,,6945,24,7859,18,,,,,,,,,7644,20,7540,21,7540,21,7970,17,7751,19,7644,20,8561,12,,,8561,12,7146,25,,,9345,6,8184,8,,,Market consensus
21,Colston Loveland,TE,CHI,Tier 2,7661,S,high,Consensus asset,13,7639,,7548,27,6828,40,,,,,,,,,7758,26,7704,30,7243,35,7514,32,8111,26,8111,26,6311,47,,,7966,24,7903,28,,,8892,16,6784,30,,,Market consensus
22,Patrick Mahomes,QB,KC,Tier 3,7461,S,high,Consensus asset,13,6298,,6672,28,7439,22,,,,,,,,,7339,23,7242,24,7146,25,7540,21,7644,20,7242,24,8438,13,,,8318,14,7439,22,,,8561,12,9178,3,,,Market consensus
23,Drake London,WR,ATL,Tier 3,7360,S,high,Consensus asset,13,6958,,7131,22,7540,21,,,,,,,,,7146,25,7339,23,7339,23,7859,18,7439,22,7439,22,7339,23,,,7339,23,7751,19,,,7146,25,6227,29,,,Market consensus
24,Jaxson Dart,QB,NYG,Tier 3,7194,S,high,Consensus asset,13,6227,,6512,30,7242,24,,,,,,,,,7540,21,7053,26,6872,28,7339,23,7242,24,6962,27,7439,22,,,7970,17,6534,32,,,7242,24,5352,47,,,Market consensus
25,Jalen Hurts,QB,PHI,Tier 3,7183,S,high,Consensus asset,13,6109,,6168,36,9076,8,,,,,,,,,6962,27,7146,25,7053,26,7439,22,7146,25,7146,25,8318,14,,,7970,17,6699,30,,,8084,16,7421,14,,,Market consensus
26,Omarion Hampton,RB,LAC,Tier 3,7130,S,high,Consensus asset,13,7063,,6904,25,6298,35,,,,,,,,,7439,22,7644,20,7859,18,7751,19,6872,28,7540,21,7053,26,,,6699,30,7644,20,,,6699,30,7032,18,,,Market consensus
27,De'Von Achane,RB,MIA,Tier 3,7083,S,high,Consensus asset,12,6780,,6866,26,6962,27,,,,,,,,,8084,16,7439,22,7439,22,,,7339,23,7339,23,6962,27,,,6534,32,7242,24,,,6534,32,6485,25,,,Market consensus
28,Tyler Warren,TE,IND,Tier 3,7082,S,high,Consensus asset,13,7276,,7136,31,6749,41,,,,,,,,,7187,32,7071,37,6749,41,6598,43,7156,36,7422,33,5743,56,,,7187,32,6311,47,,,7464,29,6067,43,,,Market consensus
29,2027 Early 1st,PICK,,Tier 3,7052,S,high,Caution: single source,1,7047,,7052,23,,,,,,,,,,,,,,,,,,,,,,,,,,,,,,,,,,,,,,,Market consensus
30,Trevor Lawrence,QB,JAX,Tier 4,6917,S,high,Consensus asset,13,6268,,6346,35,7146,25,,,,,,,,,6785,29,6872,28,6785,29,6872,28,6962,27,6872,28,7970,17,,,8318,14,7053,26,,,7439,22,7317,15,,,Market consensus
31,Tetairoa McMillan,WR,CAR,Tier 4,6784,S,high,Consensus asset,13,6394,,6485,33,7053,26,,,,,,,,,6872,28,6534,32,6699,30,6962,27,6785,29,6616,31,6785,29,,,7053,26,7339,23,,,6006,39,5559,42,,,Market consensus
32,Bo Nix,QB,DEN,Tier 4,6600,S,high,Consensus asset,13,5924,,6034,39,6616,31,,,,,,,,,6077,38,6785,29,6534,32,6785,29,6616,31,6534,32,7146,25,,,6872,28,6616,31,,,6962,27,5840,36,,,Market consensus
33,Jonathan Taylor,RB,IND,Tier 5,6465,S,high,Consensus asset,13,6203,,6039,38,6149,37,,,,,,,,,6454,33,6962,27,7242,24,7146,25,6375,34,6785,29,6375,34,,,6077,38,6149,37,,,6699,30,7646,12,,,Market consensus
34,Brock Purdy,QB,SF,Tier 5,6423,S,high,Consensus asset,13,5809,,5846,45,6534,32,,,,,,,,,6375,34,6298,35,6223,36,6699,30,6699,30,6223,36,7540,21,,,6872,28,6454,33,,,7053,26,5943,34,,,Market consensus
35,Emeka Egbuka,WR,TB,Tier 5,6394,S,high,Consensus asset,13,6285,,6081,37,6785,29,,,,,,,,,6699,30,6375,34,6454,33,6375,34,5610,45,6375,34,6298,35,,,6699,30,6375,34,,,4618,64,4964,58,,,Market consensus
36,Aidan Hutchinson,DL,DET,Tier 5,6362,S,high,Consensus asset,5,,,6444,34,,,,,5627,34,,,5627,34,,,,,,,,,,,,,,,5627,34,,,,,,,,,,,2112,345,Market consensus
37,James Cook,RB,BUF,Tier 5,6343,S,high,Consensus asset,13,6137,,6033,40,5150,53,,,,,,,,,6298,35,6616,31,6962,27,7053,26,6077,38,6699,30,6616,31,,,6077,38,6223,36,,,6298,35,5790,37,,,Market consensus
38,George Pickens,WR,DAL,Tier 5,6296,S,high,Consensus asset,13,6139,,5912,44,6454,33,,,,,,,,,6149,37,6223,36,6375,34,6616,31,6534,32,6298,35,6149,37,,,6534,32,6962,27,,,6006,39,5648,40,,,Market consensus
39,Carnell Tate,WR,TEN,Tier 6,6189,S,high,Consensus asset,15,5984,,5939,43,5673,44,9617,4,,,,,,,6223,36,6454,33,6616,31,5937,40,6454,33,6149,37,5937,40,,,6223,36,6785,29,9883,2,6006,39,5029,56,,,Market consensus
40,Nico Collins,WR,HOU,Tier 6,6103,S,high,Consensus asset,13,5567,,5595,51,6872,28,,,,,,,,,5673,44,5869,41,6006,39,6454,33,6298,35,5869,41,6454,33,,,6077,38,6077,38,,,6534,32,6108,31,,,Market consensus
41,Jordan Love,QB,GB,Tier 6,6086,S,high,Consensus asset,13,5401,,5575,52,6785,29,,,,,,,,,5869,41,5937,40,5737,43,6149,37,6149,37,6077,38,6223,36,,,6534,32,4944,57,,,5258,51,6352,27,,,Market consensus
42,Carson Schwesinger,LB,CLE,Tier 7,5908,D+,high,,5,,,5667,47,,,,,3856,64,,,4709,47,,,,,,,,,,,,,,,2417,117,,,,,,,,,,,6628,23,Market consensus
43,Will Anderson,DL,HOU,Tier 7,5876,D+,high,Consensus asset,5,,,5963,41,,,,,5096,41,,,5096,41,,,,,,,,,,,,,,,5096,41,,,,,,,,,,,2016,374,Market consensus
44,Kenneth Walker,RB,KC,Tier 7,5826,D+,high,Consensus asset,13,5586,,5454,62,4753,61,,,,,,,,,5737,43,6006,39,6149,37,7242,24,5937,40,5802,42,6077,38,,,5802,42,5869,41,,,5737,43,5694,39,,,Market consensus
45,Garrett Wilson,WR,NYJ,Tier 7,5824,D+,high,Consensus asset,13,5533,,5699,46,6375,34,,,,,,,,,6616,31,5429,48,5610,45,6298,35,5488,47,5673,44,5869,41,,,6149,37,5937,40,,,5549,46,4398,79,,,Market consensus
46,2027 Mid 1st,PICK,,Tier 8,5634,D+,high,Caution: single source,1,5579,,5634,50,,,,,,,,,,,,,,,,,,,,,,,,,,,,,,,,,,,,,,,Market consensus
47,Dak Prescott,QB,DAL,Tier 8,5619,D+,medium,,13,4985,,4924,87,6223,36,,,,,,,,,5258,51,5673,44,5371,49,5869,41,4944,57,5737,43,6699,30,,,4707,62,5258,51,,,6223,36,5741,38,,,Market consensus
48,Chris Olave,WR,NO,Tier 8,5601,D+,high,,13,5619,,5534,57,5371,49,,,,,,,,,5549,46,5488,47,5203,52,6223,36,5673,44,5488,47,6006,39,,,5802,42,6006,39,,,6077,38,4645,69,,,Market consensus
49,Fernando Mendoza,QB,LV,Tier 8,5589,D+,high,Consensus asset,15,5376,,5546,56,5203,52,9883,2,,,,,,,5488,47,5802,42,5802,42,5549,46,5802,42,6006,39,5150,53,,,6077,38,5549,46,9481,5,5549,46,3978,100,,,Market consensus
50,Ladd McConkey,WR,LAC,Tier 8,5583,D+,high,Consensus asset,13,5640,,5558,54,5737,43,,,,,,,,,5937,40,5549,46,5258,51,5802,42,5429,48,5314,50,5802,42,,,5549,46,5737,43,,,4408,69,4468,76,,,Market consensus
51,Tucker Kraft,TE,GB,Tier 8,5574,D+,medium,,13,6038,,6049,59,4847,74,,,,,,,,,5908,49,5574,59,4847,74,5311,64,6381,46,5574,59,5260,65,,,5845,50,5361,63,,,7187,32,6020,44,,,Market consensus
52,Harold Fannin,TE,CLE,Tier 9,5474,D+,medium,,13,5862,,6047,60,5361,63,,,,,,,,,5845,50,5260,65,4722,77,5361,63,5922,53,5466,61,5164,67,,,5607,54,5311,64,,,6607,39,6163,41,,,Market consensus
53,Chase Brown,RB,CIN,Tier 9,5417,D+,medium,,13,5448,,5066,76,4618,64,,,,,,,,,4252,73,5737,43,5673,44,5673,44,5869,41,5429,48,5258,51,,,5314,50,5429,48,,,6223,36,4445,77,,,Market consensus
54,Breece Hall,RB,NYJ,Tier 9,5414,D+,high,,13,5215,,5371,72,5610,45,,,,,,,,,6006,39,5150,53,5429,48,6077,38,4753,61,5371,49,5673,44,,,5802,42,5371,49,,,5097,54,5165,52,,,Market consensus
55,Jordyn Tyson,WR,NO,Tier 9,5344,D+,high,Consensus asset,15,5363,,5454,62,6149,37,9752,3,,,,,,,5150,53,4994,56,5314,50,5429,48,5314,50,5150,53,5314,50,,,5549,46,5802,42,9752,3,5549,46,5096,54,,,Market consensus
56,Luther Burden,WR,CHI,Tier 9,5286,D+,medium,,13,5506,,5374,71,4799,60,,,,,,,,,4707,62,5314,50,5097,54,5488,47,5203,52,5045,55,5737,43,,,5549,46,5673,44,,,5610,45,4331,82,,,Market consensus
57,TreVeyon Henderson,RB,NE,Tier 9,5259,D+,high,,13,5349,,5416,65,4290,72,,,,,,,,,5610,45,5258,51,5488,47,5045,55,6006,39,5097,54,4847,59,,,5549,46,5258,51,,,5097,54,5201,51,,,Market consensus
58,Sonny Styles,LB,WAS,Tier 9,5222,D+,high,Consensus asset,6,,,5399,69,,,,,3735,67,3657,69,3657,69,,,,,,,,,,,,,,,827,363,,,,,,,,,,,5391,46,Market consensus
59,Quinshon Judkins,RB,CLE,Tier 9,5164,D+,high,,13,5509,,5501,58,4142,76,,,,,,,,,5802,42,5097,54,6077,38,4895,58,4994,56,5610,45,4707,62,,,5097,54,5314,50,,,5097,54,5432,45,,,Market consensus
60,Christian McCaffrey,RB,SF,Tier 9,5117,D+,medium,,13,5237,,4983,81,4532,66,,,,,,,,,5045,55,6077,38,6006,39,6006,39,4408,69,5937,40,4449,68,,,4895,58,4847,59,,,5258,51,5130,53,,,Market consensus
61,DeVonta Smith,WR,PHI,Tier 9,5097,D+,high,,13,5506,,5458,61,6006,39,,,,,,,,,4574,65,5045,55,4944,57,5610,45,4368,70,4895,58,5549,46,,,5610,45,4799,60,,,5737,43,4421,78,,,Market consensus
62,2028 Early 1st,PICK,,Tier 10,5034,D+,high,Caution: single source,1,5144,,5034,79,,,,,,,,,,,,,,,,,,,,,,,,,,,,,,,,,,,,,,,Market consensus
63,Makai Lemon,WR,PHI,Tier 10,5031,D+,medium,,15,5011,,5056,77,4408,69,9481,5,,,,,,,4944,57,4215,74,4847,59,4799,60,5371,49,4532,66,5203,52,,,5314,50,5610,45,9617,4,5549,46,5062,55,,,Market consensus
64,Cam Ward,QB,TEN,Tier 10,5013,D+,medium,,13,5212,,5393,70,4532,66,,,,,,,,,4408,69,5610,45,5150,53,4847,59,5097,54,5549,46,4753,61,,,4994,56,4368,70,,,5097,54,3876,106,,,Market consensus
65,Sam LaPorta,TE,DET,Tier 10,4986,D+,medium,,13,5613,,5554,78,5116,68,,,,,,,,,4719,72,5023,70,4564,81,5466,61,4847,74,4978,71,4890,73,,,5384,58,4490,83,,,4762,71,5199,66,,,Market consensus
66,2027 Late 1st,PICK,,Tier 10,4955,D+,high,Caution: single source,1,4912,,4955,83,,,,,,,,,,,,,,,,,,,,,,,,,,,,,,,,,,,,,,,Market consensus
67,Zay Flowers,WR,BAL,Tier 10,4916,D+,medium,,13,5028,,4864,91,5045,55,,,,,,,,,4329,71,4895,58,4618,64,5150,53,5258,51,4707,62,5610,45,,,5314,50,5097,54,,,4799,60,4567,72,,,Market consensus
68,Saquon Barkley,RB,PHI,Tier 10,4916,D+,medium,,13,5080,,4917,88,4847,59,,,,,,,,,4662,63,5203,52,5610,45,5203,52,3969,81,5258,51,4618,64,,,4574,65,4449,68,,,5097,54,5238,50,,,Market consensus
69,A.J. Brown,WR,NE,Tier 10,4909,D+,medium,,12,5018,,4936,84,5802,42,,,,,,,,,4753,61,4944,57,4994,56,,,4618,64,5203,52,5429,48,,,4895,58,4574,65,,,4290,72,4698,67,,,Market consensus
70,Rome Odunze,WR,CHI,Tier 10,4890,D+,high,,13,5250,,5368,73,5429,48,,,,,,,,,5429,48,4449,68,4895,58,5314,50,4707,62,4618,64,4799,60,,,4994,56,5045,55,,,3969,81,4125,92,,,Market consensus
71,Jared Goff,QB,DET,Tier 10,4888,D+,medium,,13,4729,,4680,102,5258,51,,,,,,,,,4847,59,4799,60,4408,69,4994,56,4895,58,4944,57,5371,49,,,3936,82,4895,58,,,5097,54,5997,33,,,Market consensus
72,Rashee Rice,WR,KC,Tier 10,4859,D+,medium,,13,4963,,4623,103,4895,58,,,,,,,,,4895,58,5371,49,4799,60,5258,51,5737,43,4799,60,5045,55,,,4368,70,6298,35,,,4408,69,4618,70,,,Market consensus
73,Jack Campbell,LB,DET,Tier 11,4803,D+,high,,5,,,5651,48,,,,,4649,48,,,4649,48,,,,,,,,,,,,,,,4709,47,,,,,,,,,,,4376,80,Market consensus
74,Kyle Pitts,TE,ATL,Tier 11,4789,D+,medium,,13,5563,,5455,82,4490,83,,,,,,,,,5607,54,4682,78,4490,83,3874,102,4805,75,4805,75,4763,76,,,5384,58,4453,84,,,4294,83,5358,61,,,Market consensus
75,Tee Higgins,WR,CIN,Tier 11,4703,D+,medium,,13,4975,,4928,86,4994,56,,,,,,,,,4618,64,4753,61,4449,68,5097,54,4290,72,4368,70,5097,54,,,4707,62,4753,61,,,4449,68,4592,71,,,Market consensus
76,Baker Mayfield,QB,TB,Tier 12,4668,D+,medium,,13,4665,,4743,99,5488,47,,,,,,,,,4799,60,4532,66,4329,71,4707,62,4532,66,4490,67,4895,58,,,3936,82,4290,72,,,4799,60,4811,63,,,Market consensus
77,Marvin Harrison,WR,ARI,Tier 12,4612,D+,medium,,13,4803,,4932,85,4944,57,,,,,,,,,5203,52,4490,67,4574,65,5371,49,4799,60,4449,68,4532,66,,,4574,65,4532,66,,,4142,76,3828,109,,,Market consensus
78,Micah Parsons,DL,GB,Tier 12,4606,D+,low,Caution: wide disagreement,5,,,5419,64,,,,,4709,47,,,3856,64,,,,,,,,,,,,,,,1240,242,,,,,,,,,,,1698,528,Market consensus
79,Myles Garrett,DL,LAR,Tier 12,4602,D+,high,,5,,,5414,66,,,,,3774,66,,,3774,66,,,,,,,,,,,,,,,1888,155,,,,,,,,,,,1927,404,Market consensus
80,Abdul Carter,DL,NYG,Tier 12,4598,D+,medium,,5,,,5409,67,,,,,2453,115,,,3735,67,,,,,,,,,,,,,,,791,379,,,,,,,,,,,1911,410,Market consensus
81,Jared Verse,DL,CLE,Tier 12,4593,D+,medium,,5,,,5404,68,,,,,3735,67,,,3696,68,,,,,,,,,,,,,,,804,373,,,,,,,,,,,1988,383,Market consensus
82,C.J. Stroud,QB,HOU,Tier 12,4589,D+,medium,,12,4706,,4787,96,5097,54,,,,,,,,,3840,85,4618,64,4532,66,,,4847,59,4994,56,4662,63,,,3936,82,4106,77,,,4662,63,4245,86,,,Market consensus
83,Kyren Williams,RB,LAR,Tier 12,4582,D+,medium,,13,4932,,4818,95,4368,70,,,,,,,,,4368,70,4662,63,5045,55,4574,65,4490,67,4662,63,4290,72,,,4574,65,4532,66,,,4618,64,4841,62,,,Market consensus
84,Kenyon Sadiq,TE,NYJ,Tier 12,4557,D+,medium,,15,4938,,5074,104,3847,103,9997,9,,,,,,,4330,82,4453,84,4526,82,4564,81,4682,78,4380,86,4416,85,,,4556,76,4603,80,9999,7,4556,76,5261,64,,,Market consensus
85,2028 Mid 1st,PICK,,Tier 12,4551,D+,high,Caution: single source,1,4578,,4551,108,,,,,,,,,,,,,,,,,,,,,,,,,,,,,,,,,,,,,,,Market consensus
86,Jaylen Waddle,WR,DEN,Tier 12,4529,D+,medium,,13,4868,,4751,98,5371,49,,,,,,,,,4449,68,4408,69,4290,72,4944,57,4252,73,4290,72,4944,57,,,4707,62,4252,73,,,4707,62,4493,75,,,Market consensus
87,Cam Skattebo,RB,NYG,Tier 13,4474,D+,medium,,13,4808,,4767,97,4037,79,,,,,,,,,4490,67,4707,62,4707,62,4290,72,5045,55,4408,69,4071,78,,,4368,70,4707,62,,,4490,67,3996,99,,,Market consensus
88,Brian Thomas,WR,JAX,Tier 13,4429,D+,medium,,13,4810,,4889,90,5549,46,,,,,,,,,4994,56,4329,71,4368,70,4449,68,4662,63,4142,76,4329,71,,,4449,68,4994,56,,,3840,85,3893,105,,,Market consensus
89,Travis Hunter,WR,JAX,Tier 13,4401,D+,low,Caution: wide disagreement,13,3389,,5637,49,3419,100,,,,,,,,,2724,134,3015,118,2899,124,2918,123,3444,99,2918,123,2844,127,,,2538,146,3749,88,,,3118,113,3528,130,,,Market consensus
90,Bucky Irving,RB,TB,Tier 13,4346,D+,medium,,13,4682,,4703,100,4329,71,,,,,,,,,4215,74,4252,73,4707,62,4329,71,4449,68,4252,73,4037,79,,,4368,70,4408,69,,,3779,87,4671,68,,,Market consensus
91,Tyler Shough,QB,NO,Tier 14,4287,D+,medium,,13,4800,,4850,92,3661,91,,,,,,,,,3719,89,4290,72,4532,66,4368,70,4329,71,4574,65,4408,69,,,4106,77,4215,74,,,5549,46,4106,93,,,Market consensus
92,Jadarian Price,RB,SEA,Tier 14,4269,D+,medium,,15,4855,,4823,94,4215,74,9210,7,,,,,,,4178,75,4178,75,4753,61,4215,74,4106,77,4215,74,4003,80,,,4368,70,5150,53,9345,6,3840,85,4517,74,,,Market consensus
93,Jameson Williams,WR,DET,Tier 14,4261,D+,medium,,13,4713,,4702,101,4574,65,,,,,,,,,4003,80,3969,81,4142,76,4408,69,3779,87,3936,82,4368,70,,,4449,68,4178,75,,,4252,73,4932,59,,,Market consensus
94,Javonte Williams,RB,DAL,Tier 14,4209,D+,high,,13,4597,,4519,110,3604,93,,,,,,,,,4532,66,4142,76,4252,73,4252,73,4003,80,4106,77,3904,83,,,4368,70,4329,71,,,4252,73,3706,117,,,Market consensus
95,2028 Late 1st,PICK,,Tier 14,4132,D+,high,Caution: single source,1,4026,,4132,119,,,,,,,,,,,,,,,,,,,,,,,,,,,,,,,,,,,,,,,Market consensus
96,Eli Stowers,TE,PHI,Tier 14,4104,D+,medium,,15,4229,,4463,122,3113,135,9990,10,,,,,,,3995,92,3903,101,4145,93,4114,94,4177,92,3765,106,4020,97,,,4403,80,3586,113,9704,13,4091,89,4740,83,,,Market consensus
97,Kyler Murray,QB,MIN,Tier 14,4103,D+,medium,,13,3936,,4146,118,4753,61,,,,,,,,,3969,81,4003,80,3872,84,4532,66,4037,79,4037,79,4178,75,,,3470,98,4142,76,,,5258,51,4266,85,,,Market consensus
98,Sam Darnold,QB,SEA,Tier 14,4057,D+,medium,,13,4362,,4566,106,3872,84,,,,,,,,,4037,79,3936,82,4071,78,4178,75,4142,76,4071,78,3936,82,,,3690,90,3809,86,,,4618,64,6052,32,,,Market consensus
99,Travis Etienne,RB,NO,Tier 14,4051,D+,medium,,13,4367,,4508,111,3969,81,,,,,,,,,4142,76,3779,87,4003,80,4490,67,3840,85,4003,80,4215,74,,,4106,77,4037,79,,,4142,76,3541,129,,,Market consensus
100,KC Concepcion,WR,CLE,Tier 15,3988,D,medium,,15,4296,,4501,112,3809,86,9345,6,,,,,,,4106,77,3809,86,3840,85,3632,92,4574,65,3779,87,3969,81,,,4368,70,3969,81,9076,8,3779,87,4164,90,,,Market consensus
101,Edgerrin Cooper,LB,GB,Tier 15,3919,D,high,,5,,,3598,156,,,,,2435,116,,,1922,152,,,,,,,,,,,,,,,3735,67,,,,,,,,,,,4542,73,Market consensus
102,Oronde Gadsden,TE,LAC,Tier 15,3888,D,medium,,13,4233,,4511,121,4051,96,,,,,,,,,4027,91,3586,113,3490,117,4145,93,4082,95,3847,103,3819,104,,,3817,98,3847,103,,,3149,126,4558,91,,,Market consensus
103,2027 Early 2nd,PICK,,Tier 15,3884,D,high,Caution: single source,1,3746,,3884,130,,,,,,,,,,,,,,,,,,,,,,,,,,,,,,,,,,,,,,,Market consensus
104,Christian Watson,WR,GB,Tier 15,3865,D,medium,,13,3898,,3901,128,3015,118,,,,,,,,,3904,83,3690,90,3661,91,3936,82,3419,100,3577,94,4106,77,,,4106,77,3604,93,,,4252,73,4225,87,,,Market consensus
105,Arvell Reese,LB,NYG,Tier 16,3841,D,medium,,6,,,4173,115,,,,,1910,153,2453,115,2453,115,,,,,,,,,,,,,,,798,376,,,,,,,,,,,3909,104,Market consensus
106,Josh Jacobs,RB,GB,Tier 16,3833,D,medium,,13,4098,,3763,135,3779,87,,,,,,,,,4071,78,4037,79,4071,78,4106,77,3661,91,3840,85,3523,96,,,3690,90,3936,82,,,3719,89,4901,60,,,Market consensus
107,Derrick Henry,RB,BAL,Tier 16,3830,D,medium,,13,4169,,4023,125,3690,90,,,,,,,,,3369,102,4106,77,4178,75,4142,76,3604,93,3969,81,3690,90,,,3809,86,3749,88,,,3419,100,4184,89,,,Market consensus
108,George Kittle,TE,SF,Tier 17,3798,D,medium,,13,4205,,4100,138,4114,94,,,,,,,,,2960,136,3932,100,3562,114,3903,101,3819,104,3537,115,3467,118,,,3817,98,3513,116,,,3817,98,4475,95,,,Market consensus
109,Bryce Young,QB,CAR,Tier 17,3789,D,medium,,13,3909,,4366,114,3632,92,,,,,,,,,3345,103,3840,85,3809,86,4037,79,3719,89,3872,84,3577,94,,,3470,98,3470,98,,,4037,79,4013,98,,,Market consensus
110,Dalton Kincaid,TE,BUF,Tier 17,3789,D,low,,13,3956,,4012,143,3635,111,,,,,,,,,3964,93,3562,114,3271,127,4380,86,3874,102,3610,112,3792,105,,,3361,116,3378,122,,,4091,89,4624,88,,,Market consensus
111,Bhayshul Tuten,RB,JAX,Tier 17,3779,D,medium,,13,4294,,4032,123,3055,116,,,,,,,,,3872,84,3749,88,3779,87,3719,89,3809,86,3749,88,3661,91,,,3809,86,4071,78,,,3904,83,3490,133,,,Market consensus
112,Nick Bolton,LB,KC,Tier 17,3778,D,medium,,5,,,3527,164,,,,,1888,155,,,1855,158,,,,,,,,,,,,,,,3774,66,,,,,,,,,,,4031,97,Market consensus
113,Jordan Addison,WR,MIN,Tier 18,3723,D,medium,,13,3890,,3989,127,4252,73,,,,,,,,,3779,87,3444,99,3470,98,3779,87,3523,96,3228,108,3632,92,,,3809,86,3779,87,,,3297,105,3844,108,,,Market consensus
114,Daniel Jones,QB,IND,Tier 18,3710,D,medium,,13,3892,,3860,133,3251,107,,,,,,,,,3523,96,3719,89,3719,89,3749,88,3936,82,3690,90,3604,93,,,3297,105,3577,94,,,4037,79,4087,94,,,Market consensus
115,Isaiah Likely,TE,NYG,Tier 18,3697,D,medium,,13,4238,,4199,134,3251,128,,,,,,,,,3477,111,3990,98,3635,111,3739,107,3686,109,3792,105,3660,110,,,4059,90,3313,125,,,3252,121,4356,101,,,Market consensus
116,Alec Pierce,WR,IND,Tier 18,3696,D,medium,,13,3894,,4032,123,3297,105,,,,,,,,,3809,86,3523,96,3577,94,4003,80,3496,97,3523,96,3779,87,,,4003,80,3690,90,,,3550,95,3781,112,,,Market consensus
117,Malik Willis,QB,MIA,Tier 18,3686,D,medium,,13,3654,,3871,131,2414,155,,,,,,,,,3690,90,3661,91,3690,90,3872,84,3749,88,3719,89,3872,84,,,3470,98,3369,102,,,3419,100,5313,48,,,Market consensus
118,Matthew Stafford,QB,LAR,Tier 18,3670,D,medium,,13,3858,,3754,137,3321,104,,,,,,,,,3251,107,3904,83,3749,88,4071,78,3690,90,3904,83,3719,89,,,3297,105,3419,100,,,3604,93,5275,49,,,Market consensus
119,Omar Cooper,WR,NYJ,Tier 18,3657,D,medium,,15,3485,,3755,136,3936,82,9076,8,,,,,,,3749,88,3321,104,3419,100,3661,91,3904,83,3444,99,3470,98,,,3809,86,3840,85,8944,9,3577,94,3567,127,,,Market consensus
120,DJ Moore,WR,BUF,Tier 18,3632,D,medium,,13,3576,,3647,143,4071,78,,,,,,,,,3577,94,3496,97,3496,97,3904,83,3470,98,3661,91,3749,88,,,3523,96,3632,92,,,3550,95,3736,115,,,Market consensus
121,Terry McLaurin,WR,WAS,Tier 19,3571,D,medium,,13,3542,,3476,168,3719,89,,,,,,,,,3321,104,3632,92,3444,99,3872,84,3394,101,3496,97,3809,86,,,3690,90,3523,96,,,3550,95,3796,111,,,Market consensus
122,Jacob Rodriguez,LB,MIA,Tier 19,3544,D,medium,,6,,,4169,116,,,,,1422,210,2435,116,2435,116,,,,,,,,,,,,,,,770,389,,,,,,,,,,,2848,200,Market consensus
123,Dallas Turner,DL,MIN,Tier 19,3539,D,low,Caution: flagged; Caution: wide disagreement,5,,,4164,117,,,,,1899,154,,,2417,117,,,,,,,,,,,,,,,673,443,,,,,,,,,,,1865,427,Market consensus
124,D'Andre Swift,RB,CHI,Tier 19,3518,D,medium,,12,3661,,3579,161,3444,99,,,,,,,,,3496,97,3550,95,3632,92,,,3345,103,3632,92,3419,100,,,3297,105,3690,90,,,3719,89,3348,145,,,Market consensus
125,Jake Ferguson,TE,DAL,Tier 19,3509,D,low,,13,3981,,4051,140,2987,142,,,,,,,,,3733,101,3635,111,3230,129,3819,104,3712,108,3513,116,3444,119,,,3169,125,3271,127,,,2840,143,4455,96,,,Market consensus
126,2027 Mid 2nd,PICK,,Tier 20,3460,D,high,Caution: single source,1,3371,,3460,171,,,,,,,,,,,,,,,,,,,,,,,,,,,,,,,,,,,,,,,Market consensus
127,Parker Washington,WR,JAX,Tier 20,3456,D,medium,,13,3901,,3665,141,2975,120,,,,,,,,,3205,109,3604,93,3321,104,3297,105,3251,107,3550,95,3444,99,,,3936,82,3076,115,,,3936,82,3812,110,,,Market consensus
128,Ty Simpson,QB,LAR,Tier 20,3435,D,medium,,15,3458,,3593,159,2937,122,8814,10,,,,,,,3444,99,3274,106,3550,95,3419,100,3872,84,3419,100,3369,102,,,3161,111,3444,99,8814,10,3419,100,3926,103,,,Market consensus
129,Michael Wilson,WR,ARI,Tier 21,3376,D,medium,,13,3731,,3638,146,2918,123,,,,,,,,,3470,98,3345,103,3274,106,3550,95,3139,112,3470,98,3394,101,,,3055,116,3550,95,,,3118,113,3581,126,,,Market consensus
130,David Montgomery,RB,HOU,Tier 21,3361,D,medium,,13,3469,,3411,176,3183,110,,,,,,,,,3274,106,3577,94,3523,96,3097,114,2995,119,3604,93,3228,108,,,3055,116,3394,101,,,3419,100,3466,135,,,Market consensus
131,DK Metcalf,WR,PIT,Tier 21,3312,D,medium,,13,3469,,3469,169,4106,77,,,,,,,,,3097,114,3055,116,3205,109,3690,90,3035,117,2937,122,3550,95,,,3690,90,3205,109,,,3251,107,3860,107,,,Market consensus
132,Davante Adams,WR,LAR,Tier 21,3302,D,medium,,13,3425,,3332,186,4003,80,,,,,,,,,3118,113,3369,102,3274,106,3523,96,3055,116,3183,110,3205,109,,,3297,105,3496,97,,,3118,113,3478,134,,,Market consensus
133,Denzel Boston,WR,CLE,Tier 21,3287,D,medium,,15,3528,,3469,169,2613,141,8814,10,,,,,,,3419,100,3205,109,3345,103,3274,106,3577,94,3035,117,3097,114,,,3690,90,3183,110,8561,12,3251,107,3453,136,,,Market consensus
134,Josh Downs,WR,IND,Tier 22,3226,D,medium,,13,3546,,3652,142,3749,88,,,,,,,,,3015,118,3297,105,3139,112,3118,113,3297,105,3394,101,3251,107,,,3183,110,3161,111,,,3205,109,3024,178,,,Market consensus
135,Jordyn Brooks,LB,MIA,Tier 22,3224,D,medium,,5,,,3396,178,,,,,1866,157,,,1378,217,,,,,,,,,,,,,,,3696,68,,,,,,,,,,,3151,164,Market consensus
136,Emmanuel Henderson,WR,SEA,Tier 22,3211,D,low,Caution: wide disagreement,2,,,,,,,,,,,,,,,,,,,,,,,,,,,,,,,,,,,4178,75,,,2245,310,,,Market consensus
137,Wan'Dale Robinson,WR,TEN,Tier 22,3196,D,medium,,12,3394,,3514,165,3097,114,,,,,,,,,3228,108,3139,112,2956,121,,,3161,111,3205,109,3345,103,,,3297,105,3228,108,,,3205,109,2982,183,,,Market consensus
138,Brenton Strange,TE,JAX,Tier 22,3189,D,medium,,13,3808,,3731,179,2088,214,,,,,,,,,2640,156,3133,134,2838,151,3230,129,3356,123,3190,131,3356,123,,,3169,125,3058,138,,,2925,138,3999,122,,,Market consensus
139,Mike Evans,WR,SF,Tier 22,3185,D,medium,,13,3372,,3281,195,3394,101,,,,,,,,,2741,133,3251,107,3183,110,3496,97,2809,129,3161,111,3139,112,,,2918,123,3321,104,,,3118,113,3663,120,,,Market consensus
140,CJ Allen,LB,IND,Tier 22,3184,D,high,,6,,,3367,181,,,,,1689,175,1855,158,1534,194,,,,,,,,,,,,,,,809,371,,,,,,,,,,,4996,57,Market consensus
141,2027 Late 2nd,PICK,,Tier 22,3181,D,high,Caution: single source,1,3152,,3181,205,,,,,,,,,,,,,,,,,,,,,,,,,,,,,,,,,,,,,,,Market consensus
142,Fred Warner,LB,SF,Tier 22,3180,D,high,,5,,,3611,147,,,,,1945,150,,,1980,147,,,,,,,,,,,,,,,3856,64,,,,,,,,,,,2949,187,Market consensus
143,Quentin Johnston,WR,LAC,Tier 22,3176,D,medium,,13,3574,,3501,166,2628,140,,,,,,,,,3076,115,3183,110,3228,108,2956,121,3076,115,3369,102,2975,120,,,3161,111,3251,107,,,3205,109,3383,142,,,Market consensus
144,2028 Early 2nd,PICK,,Tier 23,3168,D,high,Caution: single source,1,3177,,3168,208,,,,,,,,,,,,,,,,,,,,,,,,,,,,,,,,,,,,,,,Market consensus
145,Caleb Downs,DB,DAL,Tier 23,3159,D,medium,,6,,,3595,158,,,,,1422,210,1716,172,1866,157,,,,,,,,,,,,,,,675,442,,,,,,,,,,,3095,170,Market consensus
146,Jayden Higgins,WR,HOU,Tier 23,3133,D,medium,,13,3412,,3397,177,3228,108,,,,,,,,,3183,110,2827,128,2956,121,3139,112,2975,120,2844,127,3274,106,,,3470,98,2975,120,,,2956,121,3608,124,,,Market consensus
147,Ricky Pearsall,WR,SF,Tier 24,3121,D,medium,,13,2616,,3362,182,2899,124,,,,,,,,,3550,95,2427,154,2707,135,3444,99,3118,113,3097,114,3055,116,,,3470,98,3035,117,,,3419,100,2990,182,,,Market consensus
148,RJ Harvey,RB,DEN,Tier 24,3119,D,medium,,13,3414,,3384,180,3369,102,,,,,,,,,2975,120,3035,117,3321,104,3345,103,3274,106,2975,120,3076,115,,,2975,120,3097,114,,,2863,126,3114,168,,,Market consensus
149,Michael Pittman,WR,PIT,Tier 24,3117,D,medium,,13,3380,,3354,183,3470,98,,,,,,,,,3139,112,2975,120,2956,121,3205,109,2827,128,2863,126,3161,111,,,2881,125,3297,105,,,2538,146,3406,140,,,Market consensus
150,Matthew Golden,WR,GB,Tier 25,3110,D,medium,,13,3594,,3639,145,3274,106,,,,,,,,,2995,119,3251,107,3369,102,3055,116,2644,139,2956,121,2937,122,,,3523,96,2918,123,,,2956,121,3594,125,,,Market consensus
151,Xavier Worthy,WR,KC,Tier 25,3110,D,medium,,13,3367,,3296,193,3550,95,,,,,,,,,2827,128,2899,124,2975,120,3183,110,2659,138,2995,119,3035,117,,,3161,111,3139,112,,,3118,113,3503,132,,,Market consensus
152,Laiatu Latu,DL,IND,Tier 25,3068,D,medium,,5,,,3609,148,,,,,1716,172,,,1968,148,,,,,,,,,,,,,,,1855,158,,,,,,,,,,,1878,422,Market consensus
153,Roquan Smith,LB,BAL,Tier 25,3067,D,medium,,5,,,3608,149,,,,,1922,152,,,1956,149,,,,,,,,,,,,,,,4649,48,,,,,,,,,,,2064,359,Market consensus
154,Nick Bosa,DL,SF,Tier 25,3065,D,medium,,5,,,3606,150,,,,,3657,69,,,1888,155,,,,,,,,,,,,,,,2453,115,,,,,,,,,,,1708,495,Market consensus
155,Maxx Crosby,DL,LV,Tier 25,3064,D,medium,,5,,,3605,151,,,,,1980,147,,,1933,151,,,,,,,,,,,,,,,1877,156,,,,,,,,,,,1970,389,Market consensus
156,Nick Emmanwori,DB,SEA,Tier 25,3063,D,medium,,5,,,3603,152,,,,,1663,178,,,1945,150,,,,,,,,,,,,,,,1663,178,,,,,,,,,,,4754,65,Market consensus
157,Kyle Hamilton,DB,BAL,Tier 25,3062,D,medium,,5,,,3602,153,,,,,1497,199,,,1910,153,,,,,,,,,,,,,,,1945,150,,,,,,,,,,,2209,319,Market consensus
158,Brian Burns,DL,NYG,Tier 25,3060,D,low,,5,,,3600,154,,,,,1956,149,,,1877,156,,,,,,,,,,,,,,,1197,251,,,,,,,,,,,2058,361,Market consensus
159,David Bailey,DL,NYJ,Tier 25,3059,D,medium,,5,,,3599,155,,,,,1866,157,1888,155,1899,154,,,,,,,,,,,,,,,,,,,,,,,,,,,2545,247,Market consensus
160,Josh Hines-Allen,DL,JAX,Tier 25,3057,D,medium,,5,,,3596,157,,,,,1534,194,,,1845,159,,,,,,,,,,,,,,,719,416,,,,,,,,,,,1796,455,Market consensus
161,Nik Bonitto,DL,DEN,Tier 25,3054,D,low,,5,,,3593,159,,,,,2435,116,,,1793,164,,,,,,,,,,,,,,,1192,252,,,,,,,,,,,1964,391,Market consensus
162,Jayden Reed,WR,GB,Tier 26,3046,D,medium,,13,3383,,3427,174,3872,84,,,,,,,,,3297,105,2918,123,2995,119,2995,119,2937,122,2881,125,2956,121,,,2899,124,2863,126,,,3470,98,3294,150,,,Market consensus
163,Mark Andrews,TE,BAL,Tier 26,3036,D,medium,,13,3516,,3502,204,3490,117,,,,,,,,,3189,124,3005,141,2903,147,3058,138,2952,144,3171,132,3041,139,,,2908,139,2617,166,,,2792,146,4045,119,,,Market consensus
164,2028 Mid 2nd,PICK,,Tier 26,2997,D,high,Caution: single source,1,2977,,2997,238,,,,,,,,,,,,,,,,,,,,,,,,,,,,,,,,,,,,,,,Market consensus
165,Jonathon Brooks,RB,CAR,Tier 26,2991,D,medium,,13,3508,,3300,192,2538,146,,,,,,,,,2937,122,2995,119,3118,113,2553,145,2956,121,3321,104,2724,134,,,3161,111,2995,119,,,3297,105,2840,201,,,Market consensus
166,Kyle Monangai,RB,CHI,Tier 26,2985,D,medium,,13,3473,,3550,162,2659,138,,,,,,,,,3055,116,2863,126,3394,101,2899,124,2899,124,3118,113,2809,129,,,3161,111,2956,121,,,2863,126,3142,165,,,Market consensus
167,Chig Okonkwo,TE,WAS,Tier 26,2975,D,low,,12,3539,,3550,200,2392,184,,,,,,,,,2612,158,3041,139,2760,156,,,2987,142,3230,129,3058,138,,,2792,146,2673,162,,,2978,135,3554,156,,,Market consensus
168,Blake Corum,RB,LAR,Tier 26,2968,D,low,,13,3497,,3354,183,2414,155,,,,,,,,,2538,146,3076,115,3015,118,2757,132,3015,118,3015,118,2827,128,,,3055,116,2741,133,,,2863,126,3241,155,,,Market consensus
169,Jihaad Campbell,LB,PHI,Tier 26,2968,D,medium,,5,,,3492,167,,,,,1793,164,,,1716,172,,,,,,,,,,,,,,,1271,236,,,,,,,,,,,4353,81,Market consensus
170,Rueben Bain,DL,TB,Tier 27,2939,D,low,,5,,,3458,172,,,,,1206,249,1637,181,1689,175,,,,,,,,,,,,,,,,,,,,,,,,,,,1751,475,Market consensus
171,Dillon Thieneman,DB,CHI,Tier 27,2935,D,low,,6,,,3144,213,,,,,735,407,1403,213,1397,214,,,,,,,,,,,,,,,672,444,,,,,,,,,,,3441,137,Market consensus
172,Devin Lloyd,LB,CAR,Tier 27,2912,D,low,,5,,,3426,175,,,,,1266,237,,,1764,167,,,,,,,,,,,,,,,1314,228,,,,,,,,,,,3200,159,Market consensus
173,AJ Barner,TE,SEA,Tier 27,2902,D,medium,,13,3526,,3493,207,1823,248,,,,,,,,,2278,185,2969,143,2731,158,1205,380,2919,146,2838,151,2936,145,,,2908,139,2591,168,,,2684,153,3708,143,,,Market consensus
174,Courtland Sutton,WR,DEN,Tier 27,2900,D,medium,,13,3078,,3074,225,3228,108,,,,,,,,,2675,137,2597,142,2691,136,3161,111,2757,132,2628,140,3118,113,,,2881,125,2792,130,,,3118,113,3751,114,,,Market consensus
175,Jaylen Warren,RB,PIT,Tier 27,2900,D,medium,,13,3313,,3249,198,2809,129,,,,,,,,,2757,132,2881,125,3097,114,3035,117,2509,148,2792,130,2863,126,,,2975,120,3015,118,,,2863,126,3033,177,,,Market consensus
176,Cedric Gray,LB,TEN,Tier 28,2887,D,medium,,5,,,3031,231,,,,,1845,159,,,1337,224,,,,,,,,,,,,,,,1604,185,,,,,,,,,,,5891,35,Market consensus
177,Zack Baun,LB,PHI,Tier 28,2872,D,medium,,5,,,3180,206,,,,,1764,167,,,1483,201,,,,,,,,,,,,,,,2435,116,,,,,,,,,,,2797,207,Market consensus
178,Cooper DeJean,DB,PHI,Tier 28,2868,D,low,Caution: flagged; Caution: wide disagreement,5,,,3096,219,,,,,733,408,,,1372,218,,,,,,,,,,,,,,,628,474,,,,,,,,,,,3766,113,Market consensus
179,Chuba Hubbard,RB,CAR,Tier 28,2866,D,medium,,13,3159,,3330,187,2724,134,,,,,,,,,2509,148,2937,122,3055,116,2827,128,2741,133,2899,124,2691,136,,,2724,134,2899,124,,,2863,126,3210,158,,,Market consensus
180,Nakobe Dean,LB,LV,Tier 28,2860,D,medium,,5,,,3313,190,,,,,1519,196,,,1564,190,,,,,,,,,,,,,,,1933,151,,,,,,,,,,,2998,181,Market consensus
181,Jonah Coleman,RB,DEN,Tier 29,2844,D,low,,15,3091,,3199,203,2440,153,8084,16,,,,,,,2956,121,2809,129,2863,126,2707,135,3097,114,2827,128,2597,142,,,2809,129,3274,106,8687,11,2956,121,2670,226,,,Market consensus
182,Chris Godwin,WR,TB,Tier 29,2838,D,medium,,13,2950,,2905,260,3496,97,,,,,,,,,2881,125,2675,137,2628,140,2844,127,2582,143,2524,147,2881,125,,,2414,155,2827,128,,,3205,109,3221,157,,,Market consensus
183,T.J. Watt,DL,PIT,Tier 29,2838,D,low,Caution: flagged; Caution: wide disagreement,5,,,3339,185,,,,,1888,155,,,1663,178,,,,,,,,,,,,,,,776,386,,,,,,,,,,,1698,688,Market consensus
184,Travis Kelce,TE,KC,Tier 29,2831,D,low,,13,3370,,3226,254,3271,127,,,,,,,,,2428,172,2903,147,2577,169,2838,151,2701,160,3041,139,2838,151,,,2543,163,2452,179,,,2684,153,3576,154,,,Market consensus
185,Dallas Goedert,TE,PHI,Tier 30,2809,D,medium,,13,3338,,3281,241,3076,137,,,,,,,,,2776,147,2776,155,2577,169,2987,142,2853,150,2760,156,2969,143,,,2655,155,2701,160,,,2792,146,3983,123,,,Market consensus
186,Jakobi Meyers,WR,JAX,Tier 30,2809,D,medium,,13,3010,,3096,219,3139,112,,,,,,,,,2774,131,2375,158,2454,152,2975,120,2454,152,2324,162,2899,124,,,2809,129,2809,129,,,3118,113,3304,149,,,Market consensus
187,Ernest Jones,LB,SEA,Tier 30,2795,D,high,,5,,,3288,194,,,,,1968,148,,,1637,181,,,,,,,,,,,,,,,1716,172,,,,,,,,,,,3721,116,Market consensus
188,Zach Charbonnet,RB,SEA,Tier 30,2792,D,medium,,13,3401,,3320,188,3076,115,,,,,,,,,2613,141,2774,131,2827,128,3015,118,2375,158,2659,138,2774,131,,,2975,120,2597,142,,,2707,135,2901,193,,,Market consensus
189,T.J. Hockenson,TE,MIN,Tier 30,2791,D,medium,,12,3338,,3466,211,3171,132,,,,,,,,,2857,142,2853,150,2577,169,,,2806,153,2701,160,2688,161,,,2655,155,2645,164,,,2684,153,3226,189,,,Market consensus
190,2028 Late 2nd,PICK,,Tier 30,2785,D,high,Caution: single source,1,2785,,2785,266,,,,,,,,,,,,,,,,,,,,,,,,,,,,,,,,,,,,,,,Market consensus
191,Quay Walker,LB,LV,Tier 30,2774,D,high,Consensus asset,5,,,3264,196,,,,,1663,178,,,1519,196,,,,,,,,,,,,,,,1764,167,,,,,,,,,,,3394,141,Market consensus
192,Kevin Winston,DB,TEN,Tier 30,2763,D,low,Caution: flagged; Caution: wide disagreement,5,,,2980,242,,,,,618,481,,,1266,237,,,,,,,,,,,,,,,745,402,,,,,,,,,,,3943,102,Market consensus
193,Jalon Walker,DL,ATL,Tier 30,2755,D,low,,5,,,3241,199,,,,,1206,249,,,1604,185,,,,,,,,,,,,,,,735,407,,,,,,,,,,,1806,451,Market consensus
194,Rico Dowdle,RB,PIT,Tier 30,2746,D,medium,,13,3152,,3151,211,2524,147,,,,,,,,,2809,129,2792,130,2809,129,2741,133,2241,169,2707,135,2628,140,,,2724,134,2724,134,,,2863,126,2941,188,,,Market consensus
195,Tuli Tuipulotu,DL,LAC,Tier 30,2737,D,low,Caution: wide disagreement,5,,,3220,201,,,,,1564,190,,,1497,199,,,,,,,,,,,,,,,669,446,,,,,,,,,,,1953,395,Market consensus
196,Brian Branch,DB,DET,Tier 31,2720,D,medium,,5,,,3200,202,,,,,1303,230,,,1476,202,,,,,,,,,,,,,,,1866,157,,,,,,,,,,,1873,424,Market consensus
197,Rhamondre Stevenson,RB,NE,Tier 31,2716,D,low,,13,3038,,2930,255,2495,149,,,,,,,,,2567,144,2691,136,2809,129,2792,130,2524,147,2597,142,2707,135,,,2809,129,2691,136,,,2863,126,3123,167,,,Market consensus
198,Romeo Doubs,WR,NE,Tier 31,2714,D,medium,,13,3042,,3143,215,2454,152,,,,,,,,,3035,117,2362,159,2567,144,2774,131,2707,135,2337,161,2741,133,,,2809,129,2724,134,,,2440,153,3262,153,,,Market consensus
199,Jalen Coker,WR,CAR,Tier 31,2702,D,low,,13,3156,,3089,222,2253,168,,,,,,,,,2337,161,2644,139,2582,143,2691,136,2495,149,2567,144,2757,132,,,2809,129,2757,132,,,3118,113,3190,160,,,Market consensus
200,De'Zhaun Stribling,WR,SF,Tier 31,2700,D,low,,14,3190,,2678,288,2061,186,8318,14,,,,,,,2918,123,2956,121,2881,125,,,2675,137,3251,107,2509,148,,,2349,160,2375,158,7751,19,2659,138,3337,146,,,Market consensus