name,rank,value
Sonny Styles,1.33,
Jacob Rodriguez,2,
Arvell Reese,3.33,
David Bailey,3.67,
Caleb Downs,5.67,
Dillon Thieneman,7.67,
Anthony Hill Jr,7.67,
Josiah Trotter,7.67,
Rueben Bain Jr,9.67,
CJ Allen,9.67,
Jake Golday,12.33,
Akheem Mesidor,13.33,
AJ Haulcy,15.33,
Emmanuel McNeil-Warren,16.67,
Peter Woods,17,
Malachi Lawrence,17,
Gabe Jacas,17,
Jaishawn Barham,17.33,
Cashius Howell,18,
Kaleb Elarms-Orr,18,
Zion Young,21.67,
Kyle Louis,22,
Kendal Daniels,22.33,
Keldric Faulk,22.67,
R Mason Thomas,23,
Keyshaun Elliott,23.67,
Derrick Moore,24.67,
TJ Parker,24.67,
Treydan Stukes,24.67,
Bryce Boettcher,25.33,
