name,pos,team,value
Josh Allen,QB,BUF,963.3419
Ja'Marr Chase,WR,CIN,941.7397
Jahmyr Gibbs,RB,DET,906.6970
Jaxon Smith-Njigba,WR,SEA,887.9448
Drake Maye,QB,NE,879.2182
Bijan Robinson,RB,ATL,878.0789
Lamar Jackson,QB,BAL,864.6196
Brock Bowers,TE,LV,849.6126
Puka Nacua,WR,LAR,844.2756
Amon-Ra St. Brown,WR,DET,819.8571
Caleb Williams,QB,CHI,762.7431
Jayden Daniels,QB,WAS,747.6177
Trey McBride,TE,ARI,739.0667
Joe Burrow,QB,CIN,728.9048
Justin Jefferson,WR,MIN,726.6895
Malik Nabers,WR,NYG,701.7261
Ashton Jeanty,RB,LV,693.3615
CeeDee Lamb,WR,DAL,685.2545
Jeremiyah Love,RB,ARI,664.4537
Jalen Hurts,QB,PHI,662.2881
Justin Herbert,QB,LAC,652.0555
Drake London,WR,ATL,626.4212
Patrick Mahomes,QB,KC,623.5193
Colston Loveland,TE,CHI,596.6305
De'Von Achane,RB,MIA,579.2641
Trevor Lawrence,QB,JAC,567.9893
Omarion Hampton,RB,LAC,566.1689
Jonathan Taylor,RB,IND,549.0567
Tyler Warren,TE,IND,536.8101
James Cook,RB,BUF,517.7319
Tetairoa McMillan,WR,CAR,516.4686
Bo Nix,QB,DEN,509.1561
Jaxson Dart,QB,NYG,502.7324
Emeka Egbuka,WR,TB,472.0048
Brock Purdy,QB,SF,467.8679
Nico Collins,WR,HOU,464.9811
George Pickens,WR,DAL,459.3412
Garrett Wilson,WR,NYJ,435.6274
Kenneth Walker,RB,KC,415.5352
Jordan Love,QB,GB,414.8308
Ladd McConkey,WR,LAC,402.1850
Chris Olave,WR,NO,395.8689
Dak Prescott,QB,DAL,393.7352
Zay Flowers,WR,BAL,381.7698
Breece Hall,RB,NYJ,378.1127
Chase Brown,RB,CIN,375.4061
Christian McCaffrey,RB,SF,361.9739
DeVonta Smith,WR,PHI,358.9651
Carnell Tate,WR,TEN,349.6949
Tucker Kraft,TE,GB,336.3754
Saquon Barkley,RB,PHI,334.9909
Fernando Mendoza,QB,LV,325.7021
Jared Goff,QB,DET,325.3494
Harold Fannin,TE,CLE,309.9400
Luther Burden,WR,CHI,308.4737
Rome Odunze,WR,CHI,305.5135
Jaylen Waddle,WR,DEN,304.4099
Jordyn Tyson,WR,NO,295.3578
Quinshon Judkins,RB,CLE,294.9652
Rashee Rice,WR,KC,289.9851
AJ Brown,WR,NE,285.3678
Tee Higgins,WR,CIN,282.9776
Sam LaPorta,TE,DET,277.3113
Baker Mayfield,QB,TB,274.9773
Kyren Williams,RB,LAR,264.7307
Jadarian Price,RB,SEA,256.7999
Kyle Pitts,TE,ATL,243.0644
Jameson Williams,WR,DET,240.8800
Tyler Shough,QB,NO,240.4454
TreVeyon Henderson,RB,NE,228.3585
Bucky Irving,RB,TB,224.5800
CJ Stroud,QB,HOU,222.7885
Brian Thomas Jr,WR,JAC,220.8448
Makai Lemon,WR,PHI,214.2947
Javonte Williams,RB,DAL,202.5158
Cam Skattebo,RB,NYG,197.8182
Marvin Harrison Jr,WR,ARI,195.7666
Travis Etienne,RB,NO,192.2191
Kyler Murray,QB,MIN,189.4090
KC Concepcion,WR,CLE,185.5766
Cam Ward,QB,TEN,184.6735
Parker Washington,WR,JAC,181.3490
Derrick Henry,RB,BAL,171.8729
Kenyon Sadiq,TE,NYJ,170.6538
Sam Darnold,QB,SEA,168.6882
D'Andre Swift,RB,CHI,156.1987
DJ Moore,WR,BUF,154.8759
Bhayshul Tuten,RB,JAC,149.5345
George Kittle,TE,SF,143.3355
Dalton Kincaid,TE,BUF,143.0422
Bryce Young,QB,CAR,141.7293
Matthew Stafford,QB,LAR,140.4917
Christian Watson,WR,GB,139.2261
Jordan Addison,WR,MIN,134.1842
Daniel Jones,QB,IND,132.9225
Davante Adams,WR,LAR,118.2534
Denzel Boston,WR,CLE,117.6630
DK Metcalf,WR,PIT,117.6292
Matthew Golden,WR,GB,117.4287
Terry McLaurin,WR,WAS,116.2982
De'Zhaun Stribling,WR,SF,114.2072
Isaiah Likely,TE,NYG,110.7494
RJ Harvey,RB,DEN,109.5290
Josh Downs,WR,IND,106.7400
David Montgomery,RB,HOU,105.4559
Malik Willis,QB,MIA,102.8955
Michael Wilson,WR,ARI,102.2487
Alec Pierce,WR,IND,100.4343
Jayden Reed,WR,GB,99.0805
MarShawn Lloyd,RB,GB,97.1731
Jonathon Brooks,RB,CAR,94.5026
Ty Simpson,QB,LAR,94.0210
Josh Jacobs,RB,GB,92.7757
Omar Cooper,WR,NYJ,90.2557
Jake Ferguson,TE,DAL,85.7121
Jaylen Warren,RB,PIT,81.2392
Jonah Coleman,RB,DEN,80.7559
Michael Pittman,WR,PIT,80.4643
Rhamondre Stevenson,RB,NE,77.3619
Wan'Dale Robinson,WR,TEN,76.9465
Mark Andrews,TE,BAL,76.3917
Blake Corum,RB,LAR,76.2879
Zach Charbonnet,RB,SEA,76.2307
Mike Evans,WR,SF,75.4719
Oronde Gadsden,TE,LAC,74.1014
Quentin Johnston,WR,LAC,73.8656
Travis Hunter,WR,JAC,72.8533
Michael Penix,QB,ATL,72.7181
Courtland Sutton,WR,DEN,70.0249
Xavier Worthy,WR,KC,69.6938
Dallas Goedert,TE,PHI,66.3947
Chris Godwin,WR,TB,65.4537
Eli Stowers,TE,PHI,63.5940
Kyle Monangai,RB,CHI,60.9049
Chuba Hubbard,RB,CAR,60.2179
Terrance Ferguson,TE,LAR,57.8818
Jacory Croskey-Merritt,RB,WAS,57.7582
Rico Dowdle,RB,PIT,55.8569
Travis Kelce,TE,KC,53.3383
Juwan Johnson,TE,NO,53.2344
Tony Pollard,RB,TEN,50.8090
Mike Washington Jr,RB,LV,50.5209
JK Dobbins,RB,DEN,50.2878
TJ Hockenson,TE,MIN,50.2158
Jalen Coker,WR,CAR,50.1501
Jakobi Meyers,WR,JAC,48.9174
Chris Bell,WR,MIA,48.1424
Brenton Strange,TE,JAC,47.7607
Ja'Kobi Lane,WR,BAL,44.8091
Kenneth Gainwell,RB,TB,44.7813
Romeo Doubs,WR,NE,44.2492
Germie Bernard,WR,PIT,44.0937
Jayden Higgins,WR,HOU,41.2126
Stefon Diggs,WR,WAS,39.2906
Rachaad White,RB,WAS,39.1879
Jordan Mason,RB,MIN,38.5878
Chig Okonkwo,TE,WAS,36.7999
Antonio Williams,WR,WAS,36.4179
Tank Bigsby,RB,PHI,35.0715
Woody Marks,RB,HOU,33.6668
Tua Tagovailoa,QB,ATL,32.8285
Carson Beck,QB,ARI,31.1669
Deebo Samuel,WR,SF,30.5100
Tre Harris,WR,LAC,29.0743
Tyler Allgeier,RB,ARI,28.9702
Keaton Mitchell,RB,LAC,28.3368
Ted Hurst,WR,TB,28.3123
Kaelon Black,RB,SF,28.3072
Emmett Johnson,RB,KC,27.0788
Aaron Jones,RB,MIN,25.2125
Geno Smith,QB,NYJ,25.2117
Tyrone Tracy,RB,NYG,24.5114
Tyjae Spears,RB,TEN,24.3896
JJ McCarthy,QB,NYG,23.7957
Khalil Shakir,WR,BUF,23.7475
Cyrus Allen,WR,KC,23.4589
Zachariah Branch,WR,ATL,23.1803
Dontayvion Wicks,WR,PHI,23.1011
Malachi Fields,WR,NYG,23.0965
Deshaun Watson,QB,CLE,21.8805
Pat Bryant,WR,DEN,21.3472
Shedeur Sanders,QB,CLE,21.1485
Braelon Allen,RB,NYJ,20.2562
Adonai Mitchell,WR,NYJ,20.2488
Alvin Kamara,RB,NO,19.7817
Aaron Rodgers,QB,PIT,19.6109
AJ Barner,TE,SEA,19.3263
Nicholas Singleton,RB,TEN,19.1296
Eli Raridon,TE,NE,18.9726
Gunnar Helm,TE,TEN,18.9308
Dylan Sampson,RB,CLE,18.8040
Kayshon Boutte,WR,HOU,18.4333
Jalen McMillan,WR,TB,18.4175
Rashid Shaheed,WR,SEA,18.1039
Jerry Jeudy,WR,CLE,18.0772
Caleb Douglas,WR,MIA,17.4858
Ricky Pearsall,WR,SF,17.1633
Tank Dell,WR,HOU,17.0209
Chris Rodriguez,RB,JAC,15.3644
Elic Ayomanor,WR,TEN,15.1761
Isiah Pacheco,RB,DET,14.3304
Kaleb Johnson,RB,GB,14.0947
Demond Claiborne,RB,MIN,13.9169
Brian Robinson,RB,ATL,13.6563
Jacoby Brissett,QB,ARI,13.6144
Elijah Arroyo,TE,SEA,13.4647
Dalton Schultz,TE,HOU,13.0599
Greg Dulcich,TE,MIA,13.0557
Hunter Henry,TE,NE,13.0457
Isaac TeSlaa,WR,DET,13.0144
David Njoku,TE,LAC,12.9404
Kaytron Allen,RB,WAS,12.8673
Keenan Allen,WR,IND,12.7261
Keon Coleman,WR,BUF,12.4281
Mason Taylor,TE,NYJ,12.3541
Elijah Sarratt,WR,BAL,12.1849
Jaylin Noel,WR,HOU,11.6459
Tre Tucker,WR,LV,11.5189
Jack Bech,WR,LV,10.9967
Drew Allar,QB,PIT,10.6654
Jauan Jennings,WR,MIN,10.6301
Ryan Flournoy,WR,DAL,10.4909
Max Klare,TE,LAR,10.4006
Seth McGowan,RB,IND,10.3991
Brandon Aiyuk,WR,SF,10.2500
Michael Mayer,TE,LV,9.8035
Troy Franklin,WR,DEN,9.7301
Evan Engram,TE,DEN,9.6215
Cade Otton,TE,TB,9.5174
Jaylen Wright,RB,MIA,9.5121
Marcus Mariota,QB,WAS,9.2973
Mac Jones,QB,SF,9.2730
Kyle Williams,WR,NE,9.2606
Malik Washington,WR,MIA,9.2141
Pat Freiermuth,TE,PIT,9.0235
Tory Horton,WR,SEA,8.6335
Kimani Vidal,RB,LAC,8.3067
Kirk Cousins,QB,LV,8.2764
Ray Davis,RB,BUF,8.2083
Jordan James,RB,SF,8.1339
Calvin Ridley,WR,TEN,7.7265
Rashod Bateman,WR,BAL,7.5569
Anthony Richardson,QB,IND,7.5152
Najee Harris,RB,NYG,7.3314
Jalen Nailor,WR,LV,7.2485
Skyler Bell,WR,BUF,7.1084
Chris Brazzell II,WR,CAR,7.0597
Oscar Delp,TE,NO,6.9391
Sean Tucker,RB,TB,6.9238
Chimere Dike,WR,TEN,6.8165
Ollie Gordon,RB,MIA,6.7230
Jalen Milroe,QB,SEA,6.3870
Xavier Legette,WR,CAR,6.2944
Bryce Lance,WR,NO,6.0257
Tyreek Hill,WR,FA,5.9652
Brenen Thompson,WR,LAC,5.8182
Justin Fields,QB,KC,5.8004
Devaughn Vele,WR,NO,5.6869
Marvin Mims,WR,DEN,5.5944
Cooper Kupp,WR,SEA,5.3851
Zavion Thomas,WR,CHI,4.8475
Christian Kirk,WR,SF,4.8054
Darnell Mooney,WR,NYG,4.5755
James Conner,RB,ARI,4.5196
Theo Johnson,TE,NYG,4.4066
Jameis Winston,QB,NYG,4.1252
Jake Tonges,TE,SF,4.0487
Cade Klubnik,QB,NYJ,3.9952
Trevor Etienne,RB,CAR,3.6352
Carson Wentz,QB,MIN,3.6054
Demario Douglas,WR,NE,3.5762
Jalen Royals,WR,KC,3.5429
Roman Wilson,WR,PIT,3.3986
Colby Parkinson,TE,LAR,3.3118
Erick All,TE,CIN,3.2722
LeQuint Allen,RB,JAC,3.2491
Ja'Tavion Sanders,TE,CAR,3.2005
Cole Kmet,TE,CHI,3.1811
Malik Benson,WR,LV,2.9712
George Holani,RB,SEA,2.9620
Mike Gesicki,TE,CIN,2.9239
Trey Benson,RB,ARI,2.8727
Emari Demercado,RB,DAL,2.8524
Will Howard,QB,PIT,2.7964
Kendre Miller,RB,NO,2.7832
Darnell Washington,TE,PIT,2.7675
Riley Leonard,QB,IND,2.6639
Cedric Tillman,WR,NO,2.6511
Malik Davis,RB,DAL,2.6148
Jalon Daniels,QB,TB,2.3078
Isaiah Davis,RB,NYJ,2.1246
Barion Brown,WR,NO,2.0890
Jaydon Blue,RB,PHI,2.0831
Isaiah Bond,WR,CLE,2.0013
Brashard Smith,RB,KC,1.9738
Drew Lock,QB,SEA,1.9214
Tyquan Thornton,WR,KC,1.9196
Adam Randall,RB,BAL,1.9069
Marquise Brown,WR,PHI,1.8761
Olamide Zaccheaus,WR,ATL,1.8628
Tanner McKee,QB,PHI,1.7807
Konata Mumpfield,WR,LAR,1.7651
Tez Johnson,WR,TB,1.7296
Colbie Young,WR,CIN,1.7200
Xavier Hutchinson,WR,HOU,1.6961
DJ Giddens,RB,IND,1.6902
Taylen Green,QB,CLE,1.6845
Garrett Nussmeier,QB,KC,1.6611
Spencer Rattler,QB,NO,1.6445
Savion Williams,WR,GB,1.5283
Sam Howell,QB,DAL,1.4259
Dillon Gabriel,QB,CLE,1.3965
Kevin Coleman Jr,WR,MIA,1.2655
Jalen Tolbert,WR,MIA,1.1888
Dont'e Thornton,WR,LV,1.0712
Chris Brooks,RB,GB,0.6845
Emanuel Wilson,RB,SEA,0.3902
Jerome Ford,RB,MIN,0.3629
Justin Joly,TE,MIA,0.2890
Eli Heidenreich,RB,PIT,0.2689
Jarquez Hunter,RB,MIA,0.0938
Devin Neal,RB,MIN,0.0189
Justice Hill,RB,BAL,0.0061
