Rank,Team,Player,Fantasy Position,ADP,Bye,Age,1yr. Proj,3yr. Proj,5yr. Proj,10yr. Proj,DS Analysis,3D Value +
1,,Carson Schwesinger,LB,8.08,11,23.6,207,741,1197,2172,,47
2,,Cedric Gray,LB,13.04,9,23.9,80,657,1062,1928,,38
3,,Sonny Styles,LB,9.12,7,21.8,113,603,1020,1972,,37
4,,CJ Allen,LB,16.01,13,21.6,118,548,927,1791,,33
5,,Jack Campbell,LB,8.05,6,26.1,174,553,876,1492,,31
6,,Jihaad Campbell,LB,17.05,10,22.6,143,508,840,1573,,29
7,,Edgerrin Cooper,LB,10.02,11,24.8,162,509,818,1434,,28
8,,Arvell Reese,LB,12.02,8,21.1,127,480,791,1594,,27
9,,Jamien Sherwood,LB,11.06,13,26.7,156,510,800,1317,,27
10,,Nick Bolton,LB,11.10,5,26.5,163,491,769,1266,,25
11,,Quay Walker,LB,12.07,13,26.3,159,473,748,1275,,24
12,,Ernest Jones,LB,13.07,11,26.8,163,457,716,1179,,23
13,,Nick Emmanwori,DB,13.02,11,22.6,153,510,825,1488,,22
14,,Jacob Rodriguez,LB,18.03,6,24.1,135,440,711,1290,,22
15,,Fred Warner,LB,9.08,8,29.8,162,426,663,1111,,20
16,,Dillon Thieneman,DB,14.06,10,22.1,122,479,779,1453,,20
17,,Daiyan Henley,LB,13.03,7,26.8,148,421,660,1087,,19
18,,Devin Lloyd,LB,14.01,5,28,169,418,646,1031,,19
19,,Nakobe Dean,LB,11.04,13,25.8,147,410,650,1107,,19
20,,Jordyn Brooks,LB,10.04,6,28.9,143,429,653,991,,18
21,,Zack Baun,LB,10.06,10,29.8,180,415,620,919,,18
22,,Devin Bush,LB,15.10,10,28.2,155,404,624,996,,18
23,,Kevin Winston Jr.,DB,21.03,9,22.8,127,441,714,1289,,17
24,,David Bailey,LB,15.05,13,23.1,97,382,634,1192,,17
25,,Caleb Downs,DB,10.07,14,21.8,117,432,704,1312,,17
26,,Barrett Carter,LB,20.12,6,23.9,125,375,606,1100,,17
27,,Tremaine Edmunds,LB,18.02,8,28.4,159,385,594,948,,16
28,,Blake Cashman,LB,14.10,6,30.3,176,391,584,866,,16
29,,DeMarvion Overshown,LB,21.09,14,26.1,150,365,579,986,,15
30,,Patrick Queen,LB,16.10,9,27.1,128,377,591,973,,15
31,,Dallas Turner,DL,15.02,6,23.7,151,344,572,1020,,15
32,,Cooper DeJean,DB,13.11,10,23.6,161,409,637,1117,,15
33,,Aidan Hutchinson,DL,7.06,6,26.1,148,383,631,962,,14
34,,Terrel Bernard,LB,18.12,7,27.3,143,349,547,901,,13
35,,Trevin Wallace,LB,28.04,13,23.6,17,375,606,1099,,13
36,,Will Anderson Jr.,DL,8.10,8,25.1,129,355,596,977,,13
37,,Foyesade Oluokun,LB,10.11,7,31.2,167,356,522,744,,13
38,,Roquan Smith,LB,8.06,13,29.4,150,349,530,805,,13
39,,Demetrius Knight Jr.,LB,17.03,6,26.2,127,338,535,911,,12
40,,Kool-Aid McKinstry,DB,88.06,8,24,142,385,601,1053,,12
41,,Zaire Franklin,LB,14.03,11,30.3,137,352,526,780,,12
42,,Nik Bonitto,DL,10.09,10,27,131,341,531,759,,12
43,,Tuli Tuipulotu,DL,13.09,7,24.1,124,318,529,944,,11
44,,Maxx Crosby,DL,8.03,13,29.1,152,372,501,699,,11
45,,Gregory Rousseau,DL,17.01,7,26.5,162,316,521,794,,11
46,,Tykee Smith,DB,15.03,10,25.6,161,363,562,931,,11
47,,T.J. Edwards,LB,20.10,10,30.1,158,322,482,714,,10
48,,Kaleb Elarms-Orr,LB,25.07,7,23.1,37,325,537,1006,,10
49,,Divine Deablo,LB,25.08,11,28.1,124,321,495,790,,10
50,,Kaden Elliss,LB,16.06,8,31.2,134,332,486,694,,10
51,,Abdul Carter,DL,12.01,8,23,101,300,498,936,,10
52,,Jared Verse,DL,10.01,11,25.9,117,316,521,795,,10
53,,Jalen Carter,DL,16.07,10,25.5,97,319,513,858,,10
54,,Sirvocea Dennis,LB,28.07,10,26.5,30,344,539,888,,10
55,,Cody Simon,LB,26.06,14,24.5,30,328,531,963,,10
56,,Kyle Louis,LB,75.10,6,22.5,27,317,525,983,,10
57,,Brian Burns,DL,10.03,8,28.4,0,390,560,784,,9
58,,George Karlaftis,DL,22.01,5,25.5,103,293,492,807,,9
59,,Frankie Luvu,LB,23.12,7,30,130,307,460,681,,9
60,,Xavier Watts,DB,14.12,11,24.8,128,341,540,921,,9
61,,James Pearce,DL,25.04,11,22.9,84,285,473,889,,9
62,,Robert Spillane,LB,17.09,11,30.8,152,305,446,636,,8
63,,Nathan Landman,LB,14.09,11,27.8,134,293,452,721,,8
64,,Anthony Hill Jr.,LB,19.04,9,21.6,133,262,444,857,,8
65,,Zach Allen,DL,23.07,10,29.1,110,318,471,655,,8
66,,Nic Scourton,DL,31.05,5,22.1,0,302,500,978,,8
67,,Kyle Hamilton,DB,9.11,13,25.5,151,334,519,861,,8
68,,Quincy Williams,LB,18.11,11,30.1,128,301,450,666,,8
69,,Laiatu Latu,DL,17.02,13,25.8,108,287,473,721,,8
70,,Donovan Ezeiruaku,LB,24.11,14,23,91,273,453,852,,8
71,,Derrick Harmon,DL,81.11,9,23.2,84,275,466,862,,8
72,,Maxwell Hairston,DB,39.12,7,23.2,111,333,535,946,,8
73,,Chase Young,DL,20.11,8,27.4,130,286,446,637,,8
74,,Kamari Lassiter,DB,18.07,8,23.7,129,329,512,899,,8
75,,Antoine Winfield Jr.,DB,18.08,10,28.1,158,315,496,866,,7
76,,Jeffery Simmons,DL,15.01,9,29.2,116,297,440,613,,7
77,,Brian Branch,DB,17.10,6,24.9,121,326,517,883,,7
78,,Bobby Okereke,LB,25.12,5,30.2,111,297,445,659,,7
79,,Cody Barton,LB,28.09,9,29.8,110,297,444,658,,7
80,,Riley Moss,DB,29.12,10,26.6,151,317,502,831,,7
81,,Josh Hines-Allen,DL,14.08,7,29.2,125,301,405,565,,7
82,,Nate Wiggins,DB,88.10,13,23.1,119,314,505,893,,7
83,,Will Johnson,DB,40.03,14,23.5,0,353,568,1005,,7
84,,Byron Murphy II,DL,21.01,11,24,80,257,426,754,,7
85,,Mike Green,DL,27.02,13,23.2,65,254,423,795,,6
86,,Cole Bishop,DB,19.03,7,23.9,119,307,497,872,,6
87,,Eric Wilson,LB,22.03,6,32,147,279,398,554,,6
88,,Chris Johnson,DB,29.04,6,21.8,100,308,499,900,,6
89,,Bryan Bresee,DL,95.02,8,25,0,282,453,758,,6
90,,Alontae Taylor,DB,27.01,9,27.8,146,308,476,751,,6
91,,Chamarri Conner,DB,13.08,5,26.2,129,311,482,798,,6
92,,Nick Bosa,DL,10.05,8,28.9,111,260,374,602,,6
93,,Devon Witherspoon,DB,16.09,11,25.8,151,291,454,831,,6
94,,Malaki Starks,DB,16.03,13,22.8,104,301,486,878,,6
95,,Myles Garrett,DL,7.04,11,30.8,135,268,347,499,,5
96,,Drue Tranquill,LB,21.06,5,31.1,127,273,399,569,,5
97,,Rueben Bain Jr.,DL,13.06,10,22,65,236,390,763,,5
98,,Yaya Diaby,DL,19.01,10,27.3,109,250,388,555,,5
99,,Walter Nolen,DL,82.04,14,22.9,74,232,392,726,,5
100,,D'Angelo Ponds,DB,31.10,13,21.7,86,299,485,874,,5
101,,Will McDonald,DL,27.07,13,27.3,84,254,395,565,,5
102,,Gervon Dexter,DL,94.05,11,25,83,237,381,637,,5
103,,Kobie Turner,DL,25.03,11,27.4,91,245,379,576,,5
104,,Jonathan Greenard,DL,23.06,10,29.3,91,268,361,504,,5
105,,Jalyx Hunt,DL,21.08,10,25.5,77,238,393,599,,5
106,,Derrick Brown,DL,26.04,5,28.4,106,240,366,530,,5
107,,Jalon Walker,LB,170.04,11,22.6,0,247,413,779,,5
108,,Azeez Al-Shaair,LB,19.10,8,29.2,111,257,390,593,,4
109,,Trevon Moehrig,DB,15.07,5,27.3,136,294,454,736,,4
110,,Christian Gonzalez,DB,20.08,11,24.3,113,291,454,806,,4
111,,Quinnen Williams,DL,21.12,14,28.8,106,239,355,494,,4
112,,Malachi Moore,DB,79.06,13,25,22,322,509,868,,4
113,,Alex Highsmith,DL,18.10,9,29.1,118,272,367,513,,4
114,,Jessie Bates,DB,18.04,11,29.6,149,279,435,729,,4
115,,Evan Williams,DB,25.09,11,25.2,132,282,446,760,,4
116,,Derek Stingley,DB,24.07,8,25.3,125,289,442,764,,4
117,,Jacob Parrish,DB,80.10,10,22.6,100,284,458,810,,4
118,,Calen Bullock,DB,27.12,8,23.4,93,281,458,827,,4
119,,Micah Parsons,DL,11.07,11,27.3,79,259,403,576,,4
120,,Travon Walker,DL,20.04,7,25.8,95,240,393,604,,4
121,,Jaelan Phillips,DL,20.01,5,27.3,117,243,378,540,,4
122,,Avieon Terrell,DB,23.10,11,21.7,88,280,453,818,,4
123,,A.J. Haulcy,DB,19.06,13,22.7,111,267,436,786,,3
124,,Keisean Nixon,DB,31.07,11,29.3,143,280,425,641,,3
125,,Mansoor Delane,DB,20.06,5,22.8,92,279,449,794,,3
126,,Talanoa Hufanga,DB,16.02,10,26.7,142,274,422,684,,3
127,,Kamren Curl,DB,12.09,11,27.5,132,276,425,689,,3
128,,Mike Sainristil,DB,30.02,7,26,123,277,423,722,,3
129,,Montez Sweat,DL,19.05,10,30.1,121,228,296,428,,3
130,,Austin Booker,DL,26.01,10,23.8,72,198,329,587,,3
131,,Josh Sweat,DL,23.04,14,29.5,96,233,314,438,,3
132,,Genesis Smith,DB,31.06,7,21.9,54,279,455,851,,3
133,,Jake Golday,LB,26.10,6,23.3,4,248,410,768,,3
134,,Joseph Ossai,DL,53.01,13,26.4,48,212,347,534,,3
135,,Jonas Sanker,DB,80.03,8,23.8,73,277,449,787,,3
136,,Mason Graham,DL,30.05,11,23.1,62,193,326,604,,3
137,,Jalen Redmond,DL,89.09,6,27.5,93,205,313,454,,3
138,,Lukas Van Ness,DL,94.09,11,25.3,97,184,309,507,,2
139,,Shavon Revel Jr.,DB,82.01,14,25.4,66,290,444,768,,2
140,,Gabe Jacas,DL,76.06,11,22.3,55,190,315,617,,2
141,,Quinyon Mitchell,DB,88.07,10,25.2,116,270,414,715,,2
142,,Osa Odighizuwa,DL,52.05,8,28.1,75,208,318,460,,2
143,,Jordan Davis,DL,29.07,10,26.7,75,204,316,480,,2
144,,Xavier McKinney,DB,17.08,11,28.1,136,267,404,635,,2
145,,Byron Young,DL,12.03,11,28.5,106,251,339,472,,2
146,,Andrew Mukuba,DB,80.11,10,23.8,91,266,430,754,,2
147,,Benjamin Morrison,DB,81.09,10,22.5,80,267,430,760,,2
148,,Dexter Lawrence,DL,22.07,6,28.8,113,192,285,397,,2
149,,Trent McDuffie,DB,20.09,11,26,136,258,395,674,,2
150,,Paulson Adebo,DB,30.06,8,27.3,136,255,399,666,,2
151,,Akheem Mesidor,DL,19.12,7,25.5,66,189,317,519,,2
152,,Henry To'oto'o,LB,23.08,8,25.8,62,228,361,615,,2
153,,Derrick Barnes,LB,24.09,6,27.3,84,222,347,572,,2
154,,Tyson Campbell,DB,29.10,11,26.5,131,256,400,667,,2
155,,Dre Greenlaw,LB,24.05,8,29.3,125,214,326,494,,2
156,,Kayvon Thibodeaux,DL,23.03,8,25.8,73,185,306,466,,2
157,,Tyrel Dodson,LB,19.09,5,28.3,0,257,397,633,,2
158,,Kamren Kinchens,DB,86.11,11,24,110,249,404,745,,2
159,,Boye Mafe,DL,18.01,6,27.8,94,197,282,395,,2
160,,Brandon Dorlus,DL,86.09,11,25.5,78,187,295,471,,2
161,,Mack Wilson,LB,24.12,14,28.6,128,212,323,490,,2
162,,Carl Granderson,DL,17.11,8,29.8,100,205,266,385,,2
163,,Josaiah Stewart,DL,80.01,11,23.4,62,169,287,540,,1
164,,Ed Oliver,DL,30.03,7,28.8,92,185,274,382,,1
165,,Odafe Oweh,DL,26.02,7,27.8,91,234,336,470,,1
166,,Brandon Jones,DB,27.09,10,28.5,134,255,386,605,,1
167,,Zach Sieler,DL,31.12,6,31,99,197,260,366,,1
168,,Emmanuel McNeil-Warren,DB,20.03,11,22.7,38,269,438,790,,1
169,,Michael Jackson,DB,27.10,5,29.7,132,262,390,565,,1
170,,Jordan Battle,DB,21.02,6,25.8,124,251,389,644,,1
171,,Nnamdi Madubuike,DL,30.12,13,28.8,94,192,260,364,,1
172,,Grant Delpit,DB,23.09,11,28,138,251,380,596,,1
173,,Alex Singleton,LB,16.05,10,32.8,141,217,289,402,,1
174,,Kerby Joseph,DB,30.04,6,25.8,98,256,396,656,,1
175,,Danny Stutsman,LB,79.01,8,23.5,58,207,335,608,,1
176,,Mykel Williams,DL,32.12,8,22.3,45,168,278,544,,1
177,,Ronnie Hickman,DB,89.04,11,24.9,116,242,383,653,,1
178,,Nick Herbig,DL,21.10,9,24.8,88,195,328,538,,1
179,,Jonah Elliss,DL,87.04,10,23.5,83,150,255,481,,1
180,,Danielle Hunter,DL,12.04,8,31.9,105,165,229,387,,1
181,,Justin Strnad,LB,55.12,10,30.1,103,210,315,466,,1
182,,Tyler Nubin,DB,24.04,8,25.3,97,248,393,670,,1
183,,Devonte Wyatt,DL,49.02,11,28.5,76,173,264,382,,1
184,,Tommy Togiai,DL,52.01,8,27,71,171,265,402,,0
185,,Julian Love,DB,19.08,11,28.5,141,227,358,615,,0
186,,Joey Porter Jr.,DB,93.09,14,26.2,116,241,379,639,,0
187,,Patrick Surtain II,DB,20.07,10,26.4,112,241,379,639,,0
188,,Josiah Trotter,LB,20.05,10,21.4,101,172,297,599,,0
189,,Jalen Pitre,DB,22.10,8,27.3,134,234,361,586,,0
190,,Chris Jones,DL,28.08,5,32.3,93,175,227,336,,0
191,,Dee Winters,LB,22.11,14,25.9,79,199,314,536,,0
192,,DaRon Bland,DB,43.12,14,27.2,132,233,367,604,,0
193,,Rashan Gary,DL,20.02,14,28.8,94,223,300,419,,0
194,,Dorance Armstrong,DL,30.11,7,29.3,81,179,243,341,,0
195,,Pete Werner,LB,33.06,8,28.3,77,207,320,511,,0
196,,Christian Barmore,DL,53.06,11,27.2,71,163,253,384,,0
197,,Moro Ojomo,DL,90.08,10,25.1,61,156,257,425,,0
198,,T.J. Parker,DL,49.12,7,22,26,160,265,520,,0
199,,Jer'Zhan Newton,DL,87.09,7,24.1,0,176,292,516,,0
200,,Dre'mont Jones,DL,61.06,11,29.8,85,177,230,333,,-0
201,,Chop Robinson,DL,24.03,6,23.8,59,152,253,452,,-0
202,,Max Melton,DB,32.08,14,24.4,105,235,366,642,,-0
203,,Milton Williams,DL,28.05,11,27.5,70,160,252,363,,-0
204,,Myles Murphy,DL,95.01,6,24.8,61,154,253,419,,-0
205,,Jack Sawyer,DL,81.03,9,24.4,54,154,255,455,,-0
206,,Teddye Buchanan,LB,27.08,13,24,16,211,340,618,,-0
207,,Andrew Van Ginkel,DL,12.08,6,31.3,135,205,267,383,,-0
208,,Derwin James,DB,11.08,7,30.2,135,241,361,526,,-0
209,,Daxton Hill,DB,48.06,6,26,128,228,359,591,,-0
210,,Braden Fiske,DL,88.05,11,26.7,71,157,243,369,,-0
211,,Kwity Paye,DL,54.02,13,27.8,68,168,241,337,,-0
212,,Zach Harrison,DL,93.02,11,25.1,63,150,248,409,,-0
213,,Quentin Lake,DB,22.12,11,27.7,148,225,341,535,,-1
214,,Zion Young,DL,76.05,13,22.5,40,151,250,471,,-1
215,,Jermod McCoy,DB,22.09,13,21.1,31,245,397,745,,-1
216,,Jeremy Chinn,DB,16.12,13,28.6,137,232,352,534,,-1
217,,Calijah Kancey,DL,29.03,10,25.6,72,151,237,379,,-1
218,,Karl Brooks,DL,91.01,11,26.3,61,153,241,385,,-1
219,,Peter Woods,DL,24.02,5,21.6,42,144,242,471,,-1
220,,Zyon McCollum,DB,45.02,10,27.4,125,225,352,586,,-1
221,,Marlon Humphrey,DB,69.09,13,30.2,123,241,359,519,,-1
222,,Quincy Riley,DB,79.07,8,25.3,123,223,348,601,,-1
223,,Ahmad Gardner,DB,48.04,13,25.1,106,230,358,620,,-1
224,,Tarheeb Still,DB,40.09,7,24.3,93,231,360,631,,-1
225,,Billy Bowman,DB,79.03,11,23.7,86,234,365,640,,-1
226,,Dayo Odeyingbo,DL,53.12,10,27,68,151,239,345,,-1
227,,Alim McNeill,DL,52.12,6,26.3,62,149,234,374,,-1
228,,Malachi Lawrence,DL,25.10,14,23.2,35,149,247,464,,-1
229,,Minkah Fitzpatrick,DB,25.05,13,29.8,128,232,348,508,,-1
230,,Alex Wright,DL,45.07,11,26.1,62,141,230,354,,-1
231,,K'Lavon Chaisson,LB,58.04,7,27.2,58,204,322,464,,-1
232,,Cashius Howell,DL,23.05,6,23.4,47,139,231,435,,-1
233,,Chauncey Gardner-Johnson,DB,61.02,7,28.8,141,220,333,506,,-1
234,,Amani Hooker,DB,33.05,9,28.3,132,224,339,532,,-1
235,,Jermaine Johnson,DL,44.05,9,27.7,100,197,287,406,,-1
236,,Andru Phillips,DB,87.08,8,24.8,89,234,358,618,,-1
237,,John Franklin-Myers,DL,63.01,9,30,78,157,204,295,,-1
238,,Logan Hall,DL,46.03,8,26.4,47,146,229,366,,-1
239,,Antonio Johnson,DB,32.06,7,24.9,111,220,348,593,,-1
240,,Daron Payne,DL,34.07,7,29.3,69,149,220,307,,-1
241,,Christian Benford,DB,43.09,7,26,96,223,351,591,,-2
242,,Omar Speights,LB,31.02,11,25.6,71,179,286,521,,-2
243,,Micah McFadden,LB,32.09,8,26.8,43,194,305,502,,-2
244,,Montaric Brown,DB,47.06,7,27.1,111,218,340,568,,-2
245,,Harold Landry,DL,23.11,11,30.3,94,205,267,386,,-2
246,,Nolan Smith,DL,30.08,10,25.7,76,179,296,451,,-2
247,,Kendal Daniels,LB,75.07,11,23.8,47,184,298,541,,-2
248,,Keyron Crawford,DL,76.02,13,22.9,0,142,241,454,,-2
249,,Reed Blankenship,DB,25.01,8,27.6,121,220,334,524,,-2
250,,Bradley Chubb,DL,21.07,7,30.3,115,193,250,362,,-2
251,,Marcus Jones,DB,24.08,11,27.9,111,222,342,540,,-2
252,,DeForest Buckner,DL,26.07,13,32.5,101,136,170,256,,-2
253,,Isaiah Pola-Mao,DB,31.04,13,27.3,101,221,341,552,,-2
254,,Derick Hall,DL,93.10,11,25.5,73,126,207,319,,-2
255,,R Mason Thomas,DL,29.06,5,22.1,37,127,209,410,,-2
256,,Kayden McDonald,DL,28.01,8,21.5,23,127,214,415,,-2
257,,D.J. Reed,DB,63.06,6,29.8,132,216,321,465,,-2
258,,Wade Woodaz,LB,75.06,8,22.7,44,171,284,531,,-2
259,,Malik Mustapha,DB,25.02,8,24.3,15,236,382,669,,-2
260,,Jaycee Horn,DB,38.07,5,26.8,104,212,334,550,,-2
261,,Maliek Collins,DL,37.07,11,31.4,70,140,184,259,,-2
262,,Trey Hendrickson,DL,14.07,13,31.8,115,115,151,224,,-2
263,,Camryn Bynum,DB,23.01,13,28.2,109,215,326,511,,-2
264,,Byron Murphy,DB,61.07,6,28.7,108,217,329,497,,-2
265,,Cor'Dale Flott,DB,47.03,9,25.1,108,206,321,555,,-2
266,,Upton Stout,DB,79.10,8,24.7,89,216,331,572,,-2
267,,Jordan Burch,DL,81.08,14,24.9,36,128,206,344,,-2
268,,Josh Metellus,DB,22.05,6,28.7,124,212,320,487,,-3
269,,Jalen Thompson,DB,26.03,14,28.2,112,214,324,509,,-3
270,,B.J. Hill,DL,34.10,6,31.4,66,133,176,247,,-3
271,,Jonathan Allen,DL,70.01,6,31.7,72,129,167,247,,-3
272,,DeShon Elliott,DB,26.12,9,29.4,126,207,313,475,,-3
273,,Brandon Stephens,DB,34.09,13,28.8,108,215,326,492,,-3
274,,Charvarius Ward,DB,62.12,13,30.3,128,209,311,450,,-3
275,,Leonard Williams,DL,21.04,11,32.3,118,108,141,210,,-3
276,,Dani Dennis-Sutton,DL,75.05,11,22.8,34,114,190,357,,-3
277,,Oluwafemi Oladejo,LB,81.06,9,23,28,115,195,367,,-3
278,,Bud Clark,DB,76.07,11,24.4,0,233,377,662,,-3
279,,DJ Turner II,DB,94.07,6,25.8,115,201,307,524,,-3
280,,Christen Miller,DL,29.02,8,22.2,32,109,184,357,,-3
281,,Bryan Cook,DB,47.12,6,27,101,204,314,509,,-3
282,,Ja'Quan McMillian,DB,42.02,10,26.3,83,209,319,545,,-3
283,,Vita Vea,DL,66.02,10,31.7,74,117,151,225,,-3
284,,JT Tuimoloau,DL,81.02,13,23.3,39,105,178,336,,-3
285,,Justin Reid,DB,33.10,8,29.6,130,199,298,435,,-3
286,,Deommodore Lenoir,DB,50.11,8,27,93,202,316,526,,-3
287,,T.J. Sanders,DL,80.07,7,23.2,29,106,179,331,,-3
288,,Keldric Faulk,DL,19.11,9,21,28,105,173,348,,-3
289,,Renardo Green,DB,87.11,8,25.8,116,194,296,505,,-3
290,,Harrison Phillips,DL,65.04,13,30.7,61,120,158,222,,-3
291,,Javon Bullard,DB,33.03,11,24.1,77,203,318,560,,-4
292,,Tariq Woolen,DB,45.08,10,27.4,111,191,299,498,,-4
293,,Denzel Ward,DB,66.04,11,29.4,108,200,303,457,,-4
294,,Jartavius Martin,DB,94.02,7,26.4,65,209,324,537,,-4
295,,Adam Butler,DL,66.09,13,32.4,63,110,142,211,,-4
296,,Craig Woodson,DB,78.10,11,25.6,86,196,304,503,,-4
297,,Akeem Davis-Gaither,LB,26.05,13,29,47,170,258,391,,-4
298,,Javon Kinlaw,DL,40.12,7,29,40,108,160,223,,-4
299,,Budda Baker,DB,14.04,14,30.7,135,193,280,396,,-4
300,,Ji'ayir Brown,DB,92.12,8,26.7,102,193,297,482,,-4
301,,Grover Stewart,DL,67.07,13,32.9,70,102,127,191,,-4
302,,Sam Okuayinonu,DL,43.02,8,28.4,0,123,179,254,,-4
303,,BJ Ojulari,LB,37.03,18,24.5,0,105,174,311,,-4
304,,Carlton Davis,DB,65.03,11,29.8,113,195,293,424,,-4
305,,Jamel Dean,DB,40.04,9,29.9,113,194,289,418,,-4
306,,Wesley Williams,DL,75.04,7,22,24,88,151,300,,-4
307,,Greg Newsome,DB,54.04,8,26.3,98,184,290,489,,-4
308,,Harold Perkins Jr.,LB,74.09,11,22,97,126,214,413,,-4
309,,Kenny Clark,DL,36.12,14,31,50,101,134,188,,-5
310,,Joshua Josephs,DL,33.08,7,22.8,23,88,150,283,,-5
311,,Keyshaun Elliott,LB,34.11,10,22.8,20,154,255,477,,-5
312,,Poona Ford,DL,64.01,11,30.8,0,117,155,218,,-5
313,,T.J. Watt,DL,9.04,9,31.9,121,143,188,279,,-5
314,,Alfred Collins,DL,81.04,8,24.9,0,96,155,259,,-5
315,,Alex Anzalone,LB,21.05,10,32,133,134,191,266,,-5
316,,Grady Jarrett,DL,40.05,10,33.4,61,90,112,170,,-5
317,,Geno Stone,DB,22.02,18,27.4,0,217,335,542,,-5
318,,A.J. Terrell,DB,57.08,11,28,110,174,275,437,,-5
319,,Teair Tart,DL,37.01,7,29.6,42,89,124,173,,-5
320,,Coby Bryant,DB,48.01,10,27.5,0,215,331,537,,-5
321,,Jaylon Johnson,DB,57.07,10,27.4,89,179,283,465,,-5
322,,Trey Amos,DB,37.10,7,24.6,62,188,287,496,,-5
323,,Jarvis Brownlee Jr.,DB,85.06,13,25.2,74,181,277,478,,-5
324,,D.J. Wonnum,DL,57.03,6,28.9,33,92,125,176,,-5
325,,Ruke Orhorhoro,DL,87.12,7,24.9,23,80,129,216,,-5
326,,Kevin Byard,DB,15.12,11,33.1,125,187,251,343,,-5
327,,Davon Hamilton,DL,56.01,7,29.7,0,100,138,193,,-5
328,,Jaylinn Hawkins,DB,55.05,13,29.1,94,182,275,418,,-6
329,,Emmanuel Forbes,DB,94.10,11,25.7,13,203,310,529,,-6
330,,Isaiah Rodgers,DB,55.01,6,28.7,111,171,267,401,,-6
331,,Jevon Holland,DB,32.05,8,26.6,88,176,271,439,,-6
332,,DeMarcus Lawrence,DL,73.11,11,34.4,78,59,78,139,,-6
333,,Jalen Ramsey,DB,72.07,9,31.9,114,177,253,350,,-6
334,,Kyler Gordon,DB,46.02,10,26.8,91,164,258,425,,-6
335,,Arik Armstead,DL,73.07,7,32.8,45,69,86,130,,-6
336,,Bryce Boettcher,LB,75.08,13,24.2,47,126,204,369,,-6
337,,Tyrique Stevenson,DB,94.06,10,26.3,73,171,261,446,,-6
338,,Jaishawn Barham,LB,27.05,14,22.7,71,114,193,356,,-6
339,,Davon Godchaux,DL,32.11,8,31.8,39,66,85,126,,-6
340,,Elijah Molden,DB,40.06,7,27.7,113,157,238,374,,-7
341,,Uchenna Nwosu,DL,64.10,11,29.8,75,139,181,262,,-7
342,,Zaven Collins,DL,33.09,14,27.3,47,133,207,296,,-7
343,,Jaquan Brisker,DB,23.02,9,27.4,96,156,241,390,,-7
344,,Jarran Reed,DL,36.09,11,33.8,55,45,57,87,,-7
345,,Garrett Williams,DB,39.01,14,25.3,100,150,229,395,,-7
346,,Trey Moore,LB,36.08,6,23.4,30,120,198,371,,-7
347,,DeWayne Carter,DL,87.07,7,25.8,26,51,80,128,,-7
348,,Taron Johnson,DB,25.06,13,30.2,102,157,234,339,,-7
349,,Javon Hargrave,DL,71.06,11,33.6,51,41,53,80,,-7
350,,Taurean York,LB,74.07,10,21.3,0,120,207,416,,-7
351,,Baron Browning,DL,52.10,14,27.6,40,131,190,269,,-8
352,,Kenny Moore,DB,66.08,18,31.1,0,195,280,387,,-8
353,,LT Overton,DL,75.09,14,21.9,9,32,54,108,,-8
354,,Nick Scott,DB,26.08,5,31.3,103,144,209,295,,-8
355,,Deontae Lawson,LB,74.08,10,23.6,23,111,180,326,,-8
356,,Julian Blackmon,DB,55.06,8,28.1,110,132,200,314,,-9
357,,Cameron Heyward,DL,24.10,9,37.4,84,0,0,0,,-9
358,,Jourdan Lewis,DB,68.04,7,31.1,78,142,203,280,,-9
359,,Sheldon Rankins,DL,72.06,8,32.5,58,0,0,0,,-9
360,,Felix Anudike-Uzomah,DL,95.03,5,24.7,53,0,0,0,,-9
361,,Justin Eboigbe,DL,86.08,7,25.4,50,0,0,0,,-9
362,,David Walker,LB,79.04,10,26.3,26,103,168,258,,-9
363,,Malik Harrison,LB,57.04,18,28.6,0,115,176,267,,-10
364,,Cam Hart,DB,86.05,7,25.8,60,129,199,339,,-10
365,,Eric Stokes,DB,54.06,13,27.6,73,123,195,310,,-10
366,,Theo Jackson,DB,34.05,6,28,67,131,199,312,,-10
367,,Romello Height,DL,32.04,8,25.4,27,95,155,257,,-10
368,,Anthony Nelson,DL,60.07,10,29.6,46,98,128,185,,-10
369,,Eric Murray,DB,71.05,7,32.7,98,121,162,222,,-10
370,,Justin Jefferson,LB,74.10,11,23.5,24,87,140,255,,-10
371,,Charles Omenihu,DL,60.11,7,29.1,0,0,0,0,,-10
372,,Dalvin Tomlinson,DL,68.12,7,32.6,0,0,0,0,,-10
373,,D.J. Jones,DL,66.10,18,31.7,0,0,0,0,,-10
374,,Levi Onwuzurike,DL,53.08,18,28.6,0,0,0,0,,-10
375,,Darius Robinson,DL,88.09,14,25,0,0,0,0,,-10
376,,Da'Shawn Hand,DL,63.09,11,30.8,0,0,0,0,,-10
377,,Shemar Turner,DL,80.04,10,23.7,0,0,0,0,,-10
378,,Jonah Laulu,DL,84.02,13,26.3,0,0,0,0,,-10
379,,Alohi Gilman,DB,30.07,5,29,132,98,148,224,,-11
380,,Denzel Perryman,LB,73.01,7,33.8,71,84,105,151,,-11
381,,Malik Hooker,DB,69.07,14,30.5,60,119,179,261,,-11
382,,Jahdae Barron,DB,82.02,10,24.8,41,117,183,316,,-11
383,,Donte Jackson,DB,35.03,7,30.8,57,122,175,242,,-11
384,,Chidobe Awuzie,DB,34.02,13,31.3,41,107,153,211,,-13
385,,Jaden Dugger,LB,74.12,8,22.6,14,52,87,162,,-13
386,,Demario Davis,LB,22.04,13,37.7,143,0,0,0,,-14
387,,Deonte Banks,DB,94.11,8,25.6,25,76,119,197,,-15
388,,Khalil Mack,DL,32.01,7,35.6,90,0,0,0,,-16
389,,Christian Rozeboom,LB,27.06,10,29.7,65,0,0,0,,-16
390,,Nohl Williams,DB,79.12,5,24,108,0,0,0,,-18
391,,Jeremiah Owusu-Koramoah,LB,53.11,11,26.9,0,0,0,0,,-18
392,,JD Bertrand,LB,85.03,11,26.4,0,0,0,0,,-18
393,,Jimmy Rolder,LB,75.03,6,22.6,0,0,0,0,,-18
394,,Mike Hughes,DB,65.11,11,29.6,105,0,0,0,,-18
395,,Colton Hood,DB,31.03,8,21.6,86,0,0,0,,-19
396,,Marcus Epps,DB,59.05,10,30.7,75,0,0,0,,-19
397,,Carrington Valentine,DB,34.01,11,25,32,0,0,0,,-20
398,,Darien Porter,DB,36.01,13,25.8,7,0,0,0,,-21
399,,Kristian Fulton,DB,57.11,5,28.1,0,0,0,0,,-21
400,,Martin Emerson,DB,44.10,18,26,0,0,0,0,,-21
401,,Darrell Baker Jr.,DB,42.09,6,28.5,0,0,0,0,,-21
402,,Tony Adams,DB,41.07,9,27.7,0,0,0,0,,-21
403,,Ennis Rakestraw Jr.,DB,38.11,6,24.3,0,0,0,0,,-21
404,,Joshua Williams,DB,44.02,9,26.9,0,0,0,0,,-21
405,,Reddy Steward,DB,83.01,14,25.4,0,0,0,0,,-21
406,,Zakee Wheatley,DB,74.11,5,24.6,0,0,0,0,,-21
407,,Kamari Ramsey,DB,24.01,8,22.1,0,0,0,0,,-21
408,,Jakobe Thomas,DB,76.04,6,23.3,0,0,0,0,,-21
409,,Jadon Canady,DB,75.02,5,23.4,0,0,0,0,,-21
