name,team,position,value,rank
Josh Allen,BUF,QB,100,1
Drake Maye,NE,QB,91,2
Jaxon Smith-Njigba,SEA,WR,91,2
Lamar Jackson,BAL,QB,88,4
Caleb Williams,CHI,QB,88,4
Jahmyr Gibbs,DET,RB,88,4
Ja'Marr Chase,CIN,WR,88,4
Bijan Robinson,ATL,RB,86,8
Trevor Lawrence,JAC,QB,85,9
Brock Bowers,LV,TE,83,10
Joe Burrow,CIN,QB,82,11
Patrick Mahomes II,KC,QB,82,11
Brock Purdy,SF,QB,79,13
Amon-Ra St. Brown,DET,WR,78,14
Trey McBride,ARI,TE,78,14
Jalen Hurts,PHI,QB,76,16
Jayden Daniels,WAS,QB,76,16
Puka Nacua,LAR,WR,75,18
Tyler Shough,NO,QB,73,19
CeeDee Lamb,DAL,WR,73,19
Justin Jefferson,MIN,WR,73,19
Drake London,ATL,WR,72,22
Malik Nabers,NYG,WR,71,23
Chris Olave,NO,WR,70,24
Ashton Jeanty,LV,RB,69,25
Jeremiyah Love,ARI,RB,69,25
Zay Flowers,BAL,WR,69,25
Tetairoa McMillan,CAR,WR,68,28
Justin Herbert,LAC,QB,67,29
Kenneth Walker III,KC,RB,67,29
Garrett Wilson,NYJ,WR,66,31
Jordan Love,GB,QB,65,32
George Pickens,DAL,WR,64,33
Colston Loveland,CHI,TE,64,33
Tyler Warren,IND,TE,64,33
Parker Washington,JAC,WR,63,36
Bo Nix,DEN,QB,62,37
Fernando Mendoza,LV,QB,62,37
James Cook III,BUF,RB,62,37
Jonathan Taylor,IND,RB,62,37
Nico Collins,HOU,WR,62,37
DeVonta Smith,PHI,WR,62,37
Dak Prescott,DAL,QB,59,43
Jaxson Dart,NYG,QB,59,43
Omarion Hampton,LAC,RB,59,43
Emeka Egbuka,TB,WR,59,43
Breece Hall,NYJ,RB,58,47
Chase Brown,CIN,RB,58,47
Ladd McConkey,LAC,WR,58,47
Christian Watson,GB,WR,57,50
Luther Burden III,CHI,WR,57,50
De'Von Achane,MIA,RB,56,52
Carnell Tate,TEN,WR,56,52
Jaylen Waddle,DEN,WR,55,54
Tee Higgins,CIN,WR,55,54
Denzel Boston,CLE,WR,54,56
Sam LaPorta,DET,TE,54,56
Harold Fannin Jr.,CLE,TE,54,56
Christian McCaffrey,SF,RB,53,59
Jordyn Tyson,NO,WR,53,59
Dalton Kincaid,BUF,TE,53,59
Tucker Kraft,GB,TE,53,59
Kyren Williams,LAR,RB,52,63
A.J. Brown,NE,WR,52,63
Javonte Williams,DAL,RB,51,65
Bucky Irving,TB,RB,51,65
Saquon Barkley,PHI,RB,51,65
Matthew Golden,GB,WR,51,65
TreVeyon Henderson,NE,RB,50,69
Derrick Henry,BAL,RB,50,69
Rome Odunze,CHI,WR,50,69
Kenyon Sadiq,NYJ,TE,50,69
KC Concepcion Jr.,CLE,WR,49,73
Makai Lemon,PHI,WR,49,73
Jameson Williams,DET,WR,49,73
Rashee Rice,KC,WR,49,73
Jadarian Price,SEA,RB,48,77
Jared Goff,DET,QB,47,78
Cam Skattebo,NYG,RB,47,78
Bhayshul Tuten,JAC,RB,46,80
Jalen Coker,CAR,WR,46,80
Davante Adams,LAR,WR,46,80
Bryce Young,CAR,QB,45,83
D'Andre Swift,CHI,RB,45,83
Quinshon Judkins,CLE,RB,45,83
Josh Downs,IND,WR,45,83
Michael Wilson,ARI,WR,45,83
DJ Moore,BUF,WR,44,88
Isaiah Likely,NYG,TE,44,88
Sam Darnold,SEA,QB,43,90
C.J. Stroud,HOU,QB,43,90
Jordan Addison,MIN,WR,43,90
George Kittle,SF,TE,42,93
Chuba Hubbard,CAR,RB,41,94
De'Zhaun Stribling,SF,WR,41,94
Travis Etienne Jr.,NO,RB,40,96
Baker Mayfield,TB,QB,39,97
Matthew Stafford,LAR,QB,39,97
Cam Ward,TEN,QB,39,97
Terry McLaurin,WAS,WR,39,97
Brian Thomas Jr.,JAC,WR,38,101
Chris Bell,MIA,WR,38,101
Kyle Pitts Sr.,ATL,TE,38,101
Kyler Murray,MIN,QB,37,104
Ty Simpson,LAR,QB,37,104
Jaylen Warren,PIT,RB,37,104
Alec Pierce,IND,WR,37,104
Terrance Ferguson,LAR,TE,37,104
Blake Corum,LAR,RB,36,109
David Montgomery,HOU,RB,36,109
Kyle Monangai,CHI,RB,36,109
Mike Evans,SF,WR,36,109
Malik Willis,MIA,QB,35,113
Michael Penix Jr.,ATL,QB,35,113
Jonah Coleman,DEN,RB,35,113
Marvin Harrison Jr.,ARI,WR,35,113
Travis Kelce,KC,TE,35,113
Daniel Jones,IND,QB,34,118
RJ Harvey,DEN,RB,34,118
Omar Cooper Jr.,NYJ,WR,34,118
Emmett Johnson,KC,RB,33,121
Zach Charbonnet,SEA,RB,33,121
Jacory Croskey-Merritt,WAS,RB,33,121
Juwan Johnson,NO,TE,33,121
DK Metcalf,PIT,WR,32,125
Ja'Kobi Lane,BAL,WR,32,125
Eli Stowers,PHI,TE,32,125
Jake Ferguson,DAL,TE,32,125
Rhamondre Stevenson,NE,RB,31,129
Kaelon Black,SF,RB,31,129
Caleb Douglas,MIA,WR,31,129
Josh Jacobs,GB,RB,30,132
Braelon Allen,NYJ,RB,30,132
Jayden Higgins,HOU,WR,30,132
Adonai Mitchell,NYJ,WR,30,132
Tre' Harris,LAC,WR,29,136
Xavier Worthy,KC,WR,29,136
Mike Washington Jr.,LV,RB,28,138
Wan'Dale Robinson,TEN,WR,28,138
Antonio Williams,WAS,WR,28,138
Oronde Gadsden II,LAC,TE,28,138
Ollie Gordon II,MIA,RB,27,142
Dontayvion Wicks,PHI,WR,27,142
Quentin Johnston,LAC,WR,27,142
Stefon Diggs,WAS,WR,27,142
Deebo Samuel Sr.,SF,WR,27,142
Brenton Strange,JAC,TE,27,142
Mac Jones,SF,QB,26,148
Jonathon Brooks,CAR,RB,26,148
Jordan Mason,MIN,RB,26,148
J.K. Dobbins,DEN,RB,26,148
Jakobi Meyers,JAC,WR,26,148
Malachi Fields,NYG,WR,26,148
Pat Bryant,DEN,WR,26,148
Mark Andrews,BAL,TE,26,148
Dallas Goedert,PHI,TE,26,148
Tony Pollard,TEN,RB,25,157
Ted Hurst III,TB,WR,25,157
Jayden Reed,GB,WR,25,157
Khalil Shakir,BUF,WR,25,157
Michael Pittman Jr.,PIT,WR,25,157
Dalton Schultz,HOU,TE,25,157
AJ Barner,SEA,TE,25,157
Rico Dowdle,PIT,RB,24,164
Woody Marks,HOU,RB,24,164
Keaton Mitchell,LAC,RB,24,164
Romeo Doubs,NE,WR,24,164
Devaughn Vele,NO,WR,24,164
Rachaad White,WAS,RB,23,169
Courtland Sutton,DEN,WR,23,169
Germie Bernard,PIT,WR,23,169
Jacoby Brissett,ARI,QB,22,172
Shedeur Sanders,CLE,QB,22,172
Aaron Jones Sr.,MIN,RB,22,172
Nicholas Singleton,TEN,RB,22,172
Ricky Pearsall,SF,WR,22,172
Chris Godwin Jr.,TB,WR,22,172
Kenny Gainwell,TB,RB,21,178
Malik Washington,MIA,WR,21,178
J.J. McCarthy,NYG,QB,20,180
Geno Smith,NYJ,QB,20,180
Tyler Allgeier,ARI,RB,20,180
Tre Tucker,LV,WR,20,180
Deshaun Watson,CLE,QB,19,184
Jaylin Noel,HOU,WR,19,184
Rashod Bateman,BAL,WR,19,184
T.J. Hockenson,MIN,TE,19,184
Jaylen Wright,MIA,RB,18,188
Brian Robinson Jr.,ATL,RB,18,188
Kayshon Boutte,HOU,WR,18,188
Zachariah Branch,ATL,WR,18,188
Aaron Rodgers,PIT,QB,17,192
Carson Beck,ARI,QB,17,192
Tank Bigsby,PHI,RB,17,192
Bryce Lance,NO,WR,17,192
Rashid Shaheed,SEA,WR,17,192
Michael Mayer,LV,TE,17,192
Eli Raridon,NE,TE,17,192
Kirk Cousins,LV,QB,16,199
Anthony Richardson Sr.,IND,QB,16,199
Chris Rodriguez Jr.,JAC,RB,16,199
Pat Freiermuth,PIT,TE,16,199
Chig Okonkwo,WAS,TE,16,199
MarShawn Lloyd,GB,RB,15,204
Kaleb Johnson,GB,RB,15,204
Hunter Henry,NE,TE,15,204
Cole Payton,PHI,QB,14,207
Konata Mumpfield,LAR,WR,14,207
Max Klare,LAR,TE,14,207
Dylan Sampson,CLE,RB,13,210
Kimani Vidal,LAC,RB,13,210
Kendre Miller,NO,RB,13,210
Chris Brazzell II,CAR,WR,13,210
Ryan Flournoy,DAL,WR,13,210
Isaac TeSlaa,DET,WR,13,210
Kevin Coleman Jr.,MIA,WR,13,210
Gunnar Helm,TEN,TE,13,210
Tua Tagovailoa,ATL,QB,12,218
Drew Allar,PIT,QB,12,218
Tyjae Spears,TEN,RB,12,218
Alvin Kamara,NO,RB,12,218
Skyler Bell,BUF,WR,12,218
Cyrus Allen,KC,WR,12,218
Oscar Delp,NO,TE,12,218
Kaytron Allen,WAS,RB,11,225
Elijah Sarratt,BAL,WR,11,225
Jalen McMillan,TB,WR,11,225
Travis Hunter,JAC,WR,11,225
Roman Wilson,PIT,WR,11,225
Elic Ayomanor,TEN,WR,11,225
Cade Otton,TB,TE,11,225
Greg Dulcich,MIA,TE,11,225
Matt Hibner,BAL,TE,11,225
Tyrone Tracy Jr.,NYG,RB,10,234
Jauan Jennings,MIN,WR,10,234
Elijah Arroyo,SEA,TE,10,234
Mason Taylor,NYJ,TE,10,234
Seth McGowan,IND,RB,9,238
Jerry Jeudy,CLE,WR,9,238
Jalen Nailor,LV,WR,9,238
Colby Parkinson,LAR,TE,9,238
Marcus Mariota,WAS,QB,8,242
Emanuel Wilson,SEA,RB,8,242
Ray Davis,BUF,RB,8,242
Demond Claiborne,MIN,RB,8,242
Troy Franklin,DEN,WR,8,242
Cole Kmet,CHI,TE,8,242
Jordan James,SF,RB,7,248
Adam Randall,BAL,RB,7,248
Kyle Williams,NE,WR,7,248
Devontez Walker,BAL,WR,7,248
Keon Coleman,BUF,WR,7,248
Jack Bech,LV,WR,7,248
Keenan Allen,IND,WR,7,248
Tyson Bagent,CHI,QB,6,255
Drew Lock,SEA,QB,6,255
Chris Brooks,GB,RB,6,255
Eli Heidenreich,PIT,RB,6,255
Sean Tucker,TB,RB,6,255
Najee Harris,NYG,RB,6,255
George Holani,SEA,RB,6,255
Malik Benson,LV,WR,6,255
Tyreek Hill,FA,WR,6,255
Tory Horton,SEA,WR,6,255
Brenen Thompson,LAC,WR,6,255
Tyquan Thornton,KC,WR,6,255
Darnell Washington,PIT,TE,6,255
Taylen Green,CLE,QB,5,268
Jalen Milroe,SEA,QB,5,268
Joe Milton III,DAL,QB,5,268
Justin Fields,KC,QB,5,268
Jameis Winston,NYG,QB,5,268
James Conner,ARI,RB,5,268
Isaiah Davis,NYJ,RB,5,268
Isiah Pacheco,DET,RB,5,268
Justice Hill,BAL,RB,5,268
Jarquez Hunter,MIA,RB,5,268
Will Shipley,PHI,RB,5,268
Darnell Mooney,NYG,WR,5,268
Calvin Ridley,TEN,WR,5,268
Tank Dell,HOU,WR,5,268
Marvin Mims Jr.,DEN,WR,5,268
David Njoku,LAC,TE,5,268
Mike Gesicki,CIN,TE,5,268
Evan Engram,DEN,TE,5,268
LeQuint Allen Jr.,JAC,RB,4,286
Ty Johnson,BUF,RB,4,286
Chimere Dike,TEN,WR,4,286
Xavier Legette,CAR,WR,4,286
Erick All Jr.,CIN,TE,4,286
Sam Roush,CHI,TE,4,286
Tanner Koziol,JAC,TE,4,286
Trey Benson,ARI,RB,3,293
Tahj Brooks,CIN,RB,3,293
Dohnte Meyers,CIN,WR,3,293
DeMario Douglas,NE,WR,3,293
DJ Giddens,IND,RB,2,297
Jaydon Blue,PHI,RB,2,297
Brandon Aiyuk,SF,WR,2,297
