name,Rank,position,team
Josh Allen,1,QB,BUF
Ja'Marr Chase,2,WR,CIN
Joe Burrow,3,QB,CIN
Jaxon Smith-Njigba,4,WR,SEA
Bijan Robinson,5,RB,ATL
Jahmyr Gibbs,6,RB,DET
Amon-Ra St. Brown,7,WR,DET
Jalen Hurts,8,QB,PHI
Puka Nacua,9,WR,LAR
Lamar Jackson,10,QB,BAL
Drake Maye,11,QB,NE
Ashton Jeanty,12,RB,LV
CeeDee Lamb,13,WR,DAL
Malik Nabers,14,WR,NYG
Drake London,15,WR,ATL
Jeremiyah Love,16,RB,ARI
Patrick Mahomes II,17,QB,KC
Caleb Williams,18,QB,CHI
James Cook III,19,RB,BUF
Brock Bowers,20,TE,LV
Jayden Daniels,21,QB,WAS
Trevor Lawrence,22,QB,JAC
Justin Jefferson,23,WR,MIN
Brock Purdy,24,QB,SF
Justin Herbert,25,QB,LAC
Tetairoa McMillan,26,WR,CAR
Chris Olave,27,WR,NO
De'Von Achane,28,RB,MIA
Jonathan Taylor,29,RB,IND
Kenneth Walker III,30,RB,KC
Dak Prescott,31,QB,DAL
Trey McBride,32,TE,ARI
Jaxson Dart,33,QB,NYG
George Pickens,34,WR,DAL
Omarion Hampton,35,RB,LAC
Bo Nix,36,QB,DEN
Jared Goff,37,QB,DET
Nico Collins,38,WR,HOU
Carnell Tate,39,WR,TEN
Jordan Love,40,QB,GB
Garrett Wilson,41,WR,NYJ
Zay Flowers,42,WR,BAL
Emeka Egbuka,43,WR,TB
DeVonta Smith,44,WR,PHI
Breece Hall,45,RB,NYJ
Tyler Shough,46,QB,NO
Tyler Warren,47,TE,IND
Chase Brown,48,RB,CIN
Christian Watson,49,WR,GB
Ladd McConkey,50,WR,LAC
Parker Washington,51,WR,JAC
A.J. Brown,52,WR,NE
Jaylen Waddle,53,WR,DEN
Christian McCaffrey,54,RB,SF
Tee Higgins,55,WR,CIN
Colston Loveland,56,TE,CHI
Luther Burden III,57,WR,CHI
Fernando Mendoza,58,QB,LV
Baker Mayfield,59,QB,TB
Saquon Barkley,60,RB,PHI
Makai Lemon,61,WR,PHI
Matthew Stafford,62,QB,LAR
Tucker Kraft,63,TE,GB
Rashee Rice,64,WR,KC
Rome Odunze,65,WR,CHI
Sam Darnold,66,QB,SEA
Sam LaPorta,67,TE,DET
Jameson Williams,68,WR,DET
Quinshon Judkins,69,RB,CLE
Jadarian Price,70,RB,SEA
Jordyn Tyson,71,WR,NO
Dalton Kincaid,72,TE,BUF
Javonte Williams,73,RB,DAL
Kyren Williams,74,RB,LAR
TreVeyon Henderson,75,RB,NE
C.J. Stroud,76,QB,HOU
Brian Thomas Jr.,77,WR,JAC
DJ Moore,78,WR,BUF
Kyler Murray,79,QB,MIN
Bucky Irving,80,RB,TB
KC Concepcion Jr.,81,WR,CLE
Bryce Young,82,QB,CAR
Terry McLaurin,83,WR,WAS
Malik Willis,84,QB,MIA
Cam Ward,85,QB,TEN
Kenyon Sadiq,86,TE,NYJ
Isaiah Likely,87,TE,NYG
D'Andre Swift,88,RB,CHI
George Kittle,89,TE,SF
Marvin Harrison Jr.,90,WR,ARI
Derrick Henry,91,RB,BAL
Alec Pierce,92,WR,IND
Bhayshul Tuten,93,RB,JAC
Denzel Boston,94,WR,CLE
Davante Adams,95,WR,LAR
Daniel Jones,96,QB,IND
Harold Fannin Jr.,97,TE,CLE
Kyle Pitts Sr.,98,TE,ATL
Travis Etienne Jr.,99,RB,NO
Cam Skattebo,100,RB,NYG
Jordan Addison,101,WR,MIN
Josh Jacobs,102,RB,GB
DK Metcalf,103,WR,PIT
Jalen Coker,104,WR,CAR
Michael Wilson,105,WR,ARI
Matthew Golden,106,WR,GB
Josh Downs,107,WR,IND
Mike Evans,108,WR,SF
Jaylen Warren,109,RB,PIT
Wan'Dale Robinson,110,WR,TEN
Quentin Johnston,111,WR,LAC
Chuba Hubbard,112,RB,CAR
Courtland Sutton,113,WR,DEN
Jayden Higgins,114,WR,HOU
Eli Stowers,115,TE,PHI
Xavier Worthy,116,WR,KC
David Montgomery,117,RB,HOU
Terrance Ferguson,118,TE,LAR
Michael Pittman Jr.,119,WR,PIT
Michael Penix Jr.,120,QB,ATL
Brenton Strange,121,TE,JAC
Omar Cooper Jr.,122,WR,NYJ
Jakobi Meyers,123,WR,JAC
Jayden Reed,124,WR,GB
Chris Godwin Jr.,125,WR,TB
Dallas Goedert,126,TE,PHI
Mark Andrews,127,TE,BAL
Blake Corum,128,RB,LAR
De'Zhaun Stribling,129,WR,SF
Jake Ferguson,130,TE,DAL
Kyle Monangai,131,RB,CHI
Khalil Shakir,132,WR,BUF
Jonah Coleman,133,RB,DEN
Tony Pollard,134,RB,TEN
Rhamondre Stevenson,135,RB,NE
RJ Harvey,136,RB,DEN
Juwan Johnson,137,TE,NO
Rico Dowdle,138,RB,PIT
Oronde Gadsden II,139,TE,LAC
Antonio Williams,140,WR,WAS
Chig Okonkwo,141,TE,WAS
Travis Kelce,142,TE,KC
Jacory Croskey-Merritt,143,RB,WAS
Jalen McMillan,144,WR,TB
Ty Simpson,145,QB,LAR
Romeo Doubs,146,WR,NE
J.K. Dobbins,147,RB,DEN
Kenny Gainwell,148,RB,TB
Rachaad White,149,RB,WAS
Jordan Mason,150,RB,MIN
Jonathon Brooks,151,RB,CAR
Zach Charbonnet,152,RB,SEA
Travis Hunter,153,WR,JAC
Emmett Johnson,154,RB,KC
Chris Bell,155,WR,MIA
T.J. Hockenson,156,TE,MIN
Tyler Allgeier,157,RB,ARI
Ricky Pearsall,158,WR,SF
Hunter Henry,159,TE,NE
Stefon Diggs,160,WR,WAS
Caleb Douglas,161,WR,MIA
Aaron Jones Sr.,162,RB,MIN
Woody Marks,163,RB,HOU
AJ Barner,164,TE,SEA
Aaron Rodgers,165,QB,PIT
Chris Rodriguez Jr.,166,RB,JAC
Geno Smith,167,QB,NYJ
Eli Raridon,168,TE,NE
Tank Bigsby,169,RB,PHI
Keaton Mitchell,170,RB,LAC
Max Klare,171,TE,LAR
Deebo Samuel Sr.,172,WR,SF
Gunnar Helm,173,TE,TEN
Tyrone Tracy Jr.,174,RB,NYG
Mike Washington Jr.,175,RB,LV
Dontayvion Wicks,176,WR,PHI
Adonai Mitchell,177,WR,NYJ
Tre' Harris,178,WR,LAC
Rashid Shaheed,179,WR,SEA
David Njoku,180,TE,LAC
Jaylin Noel,181,WR,HOU
Tyjae Spears,182,RB,TEN
Tua Tagovailoa,183,QB,ATL
Jauan Jennings,184,WR,MIN
Alvin Kamara,185,RB,NO
Deshaun Watson,186,QB,CLE
Ted Hurst III,187,WR,TB
Shedeur Sanders,188,QB,CLE
Jerry Jeudy,189,WR,CLE
Brian Robinson Jr.,190,RB,ATL
Calvin Ridley,191,WR,TEN
Troy Franklin,192,WR,DEN
Dylan Sampson,193,RB,CLE
Dalton Schultz,194,TE,HOU
Kayshon Boutte,195,WR,HOU
Ryan Flournoy,196,WR,DAL
Rashod Bateman,197,WR,BAL
Jacoby Brissett,198,QB,ARI
Nicholas Singleton,199,RB,TEN
Cade Otton,200,TE,TB
Isiah Pacheco,201,RB,DET
Kirk Cousins,202,QB,LV
Ja'Kobi Lane,203,WR,BAL
Oscar Delp,204,TE,NO
Isaac TeSlaa,205,WR,DET
Pat Freiermuth,206,TE,PIT
Braelon Allen,207,RB,NYJ
Pat Bryant,208,WR,DEN
Darnell Mooney,209,WR,NYG
Kaleb Johnson,210,RB,GB
MarShawn Lloyd,211,RB,GB
Jalen Nailor,212,WR,LV
Bryce Lance,213,WR,NO
Tre Tucker,214,WR,LV
Malachi Fields,215,WR,NYG
Devaughn Vele,216,WR,NO
Elijah Sarratt,217,WR,BAL
Kaelon Black,218,RB,SF
Germie Bernard,219,WR,PIT
James Conner,220,RB,ARI
Mason Taylor,221,TE,NYJ
Chris Brazzell II,222,WR,CAR
Tank Dell,223,WR,HOU
Malik Washington,224,WR,MIA
Elic Ayomanor,225,WR,TEN
Colby Parkinson,226,TE,LAR
Zachariah Branch,227,WR,ATL
Chimere Dike,228,WR,TEN
Jaylen Wright,229,RB,MIA
Matt Hibner,230,TE,BAL
Kimani Vidal,231,RB,LAC
Skyler Bell,232,WR,BUF
Christian Kirk,233,WR,SF
Kevin Coleman Jr.,234,WR,MIA
Cyrus Allen,235,WR,KC
Jack Bech,236,WR,LV
Cooper Kupp,237,WR,SEA
Tory Horton,238,WR,SEA
Emanuel Wilson,239,RB,SEA
Kyle Williams,240,WR,NE
Keon Coleman,241,WR,BUF
Elijah Arroyo,242,TE,SEA
Tyreek Hill,243,WR,FA
Darius Slayton,244,WR,IND
Seth McGowan,245,RB,IND
Greg Dulcich,246,TE,MIA
Evan Engram,247,TE,DEN
Chris Brooks,248,RB,GB
Marvin Mims Jr.,249,WR,DEN
Kaytron Allen,250,RB,WAS
Theo Johnson,251,TE,NYG
Hollywood Brown,252,WR,PHI
Darnell Washington,253,TE,PIT
Xavier Legette,254,WR,CAR
Ollie Gordon II,255,RB,MIA
Tyquan Thornton,256,WR,KC
Devin Neal,257,RB,FA
Brandon Aiyuk,258,WR,SF
Cole Kmet,259,TE,CHI
Joshua Palmer,260,WR,BUF
Calvin Austin III,261,WR,NYG
Brenen Thompson,262,WR,LAC
Keenan Allen,263,WR,IND
Trey Benson,264,RB,ARI
Mack Hollins,265,WR,NE
Tez Johnson,266,WR,TB
Michael Mayer,267,TE,LV
Erick All Jr.,268,TE,CIN
Ben Sinnott,269,TE,WAS
Ray Davis,270,RB,BUF
Isaiah Davis,271,RB,NYJ
Sean Tucker,272,RB,TB
Jarquez Hunter,273,RB,MIA
Malik Davis,274,RB,DAL
Justice Hill,275,RB,BAL
Jaydon Blue,276,RB,PHI
Ty Johnson,277,RB,BUF
Jordan James,278,RB,SF
Kendre Miller,279,RB,NO
Demond Claiborne,280,RB,MIN
Jerome Ford,281,RB,MIN
George Holani,282,RB,SEA
Jalen Royals,283,WR,KC
Samaje Perine,284,RB,CIN
Tanner Koziol,285,TE,JAC
Devin Singletary,286,RB,NYG
CJ Daniels,287,WR,LAR
Charlie Kolar,288,TE,LAC
DJ Giddens,289,RB,IND
Eli Heidenreich,290,RB,PIT
Brashard Smith,291,RB,KC
Najee Harris,292,RB,NYG
Mike Gesicki,293,TE,CIN
J'Mari Taylor,294,RB,JAC
Jalen Tolbert,295,WR,MIA
Isaac Guerendo,296,RB,SF
John Metchie III,297,WR,CAR
Trevor Etienne,298,RB,CAR
Marlin Klein,299,TE,HOU
Tahj Brooks,300,RB,CIN
Emari Demercado,301,RB,DAL
Will Shipley,302,RB,PHI
DeMario Douglas,303,WR,NE
Andrei Iosivas,304,WR,CIN
Tyler Higbee,305,TE,LAR
Seydou Traore,306,TE,MIA
Sam Roush,307,TE,CHI
Justin Joly,308,TE,MIA
Jack Endries,309,TE,CIN
Jordan Whittington,310,WR,LAR
Savion Williams,311,WR,GB
Zach Ertz,312,TE,PHI
Mitchell Evans,313,TE,CAR
Ja'Tavion Sanders,314,TE,CAR
Noah Fant,315,TE,NO
Dawson Knox,316,TE,BUF
Jahan Dotson,317,WR,ATL
Joe Royer,318,TE,CLE
Adam Randall,319,RB,BAL
Tutu Atwell,320,WR,LAR
Cedric Tillman,321,WR,NO
Jaren Kanak,322,TE,TEN
Zavion Thomas,323,WR,CHI
Barion Brown,324,WR,NO
Jake Tonges,325,TE,SF
Eric Rivers Jr.,326,WR,TB
Darren Waller,327,TE,CAR
Jeff Caldwell,328,WR,KC
Chase Roberts,329,WR,FA
Jordan Watkins,330,WR,SF
Luke Musgrave,331,TE,GB
Tyren Montgomery,332,WR,TEN
Dont'e Thornton Jr.,333,WR,LV
LeQuint Allen Jr.,334,RB,JAC
Austin Hooper,335,TE,ATL
KeAndre Lambert-Smith,336,WR,LAC
Josh Oliver,337,TE,MIN
Dean Connors,338,RB,LAR
Robert Henry Jr.,339,RB,WAS
Nate Boerkircher,340,TE,JAC
Luke McCaffrey,341,WR,WAS
Dyami Brown,342,WR,WAS
Audric Estime,343,RB,FA
Olamide Zaccheaus,344,WR,ATL
Isaiah Bond,345,WR,CLE
DeAndre Hopkins,346,WR,BAL
