name,position,rank
Bijan Robinson,RB,1
Josh Allen,QB,2
Jahmyr Gibbs,RB,3
Drake Maye,QB,4
Ja'Marr Chase,WR,5
Jaxon Smith-Njigba,WR,6
Puka Nacua,WR,7
Lamar Jackson,QB,8
Amon-Ra St. Brown,WR,9
Jayden Daniels,QB,10
Joe Burrow,QB,11
Ashton Jeanty,RB,12
Justin Jefferson,LB,13
Caleb Williams,QB,14
CeeDee Lamb,WR,15
Jeremiyah Love,RB,16
Brock Bowers,TE,17
Trey McBride,TE,18
De'Von Achane,RB,19
Omarion Hampton,RB,20
Malik Nabers,WR,21
James Cook,RB,22
Jonathan Taylor,RB,23
Justin Herbert,QB,24
Kenneth Walker,RB,25
Drake London,WR,26
Patrick Mahomes,QB,27
Breece Hall,RB,28
Jalen Hurts,QB,29
Trevor Lawrence,QB,30
Colston Loveland,TE,31
Tetairoa McMillan,WR,32
Brock Purdy,QB,33
Jaxson Dart,QB,34
Nico Collins,WR,35
George Pickens,WR,36
Chase Brown,RB,37
Emeka Egbuka,WR,38
Tyler Warren,TE,39
Bo Nix,QB,40
TreVeyon Henderson,RB,41
Chris Olave,WR,42
Christian McCaffrey,RB,43
Garrett Wilson,WR,44
Carnell Tate,WR,45
Dak Prescott,QB,46
Zay Flowers,WR,47
Quinshon Judkins,RB,48
Saquon Barkley,RB,49
Ladd McConkey,WR,50
Kyren Williams,RB,51
DeVonta Smith,WR,52
Travis Etienne,RB,53
Jordan Love,QB,54
Tucker Kraft,TE,55
A.J. Brown,WR,56
Jared Goff,QB,57
Bucky Irving,RB,58
Luther Burden,WR,59
Javonte Williams,RB,60
Fernando Mendoza,QB,61
Jadarian Price,RB,62
Cam Skattebo,RB,63
Jordyn Tyson,WR,64
Derrick Henry,RB,65
Tee Higgins,WR,66
Rashee Rice,WR,67
Baker Mayfield,QB,68
Cam Ward,QB,69
Jaylen Waddle,WR,70
Aidan Hutchinson,DL,71
Harold Fannin,TE,72
Makai Lemon,WR,73
C.J. Stroud,QB,74
Rome Odunze,WR,75
Jameson Williams,WR,76
Sam LaPorta,TE,77
Kyle Pitts,TE,78
Josh Jacobs,RB,79
Bhayshul Tuten,RB,80
Marvin Harrison,WR,81
Tyler Shough,QB,82
Brian Thomas,WR,83
Kyler Murray,QB,84
Sam Darnold,QB,85
D'Andre Swift,RB,86
Will Anderson,DL,87
Abdul Carter,DL,88
Myles Garrett,DL,89
Carson Schwesinger,LB,90
David Montgomery,RB,91
Christian Watson,WR,92
Kenyon Sadiq,TE,93
Micah Parsons,DL,94
Isaiah Likely,TE,95
RJ Harvey,RB,96
KC Concepcion,WR,97
Malik Willis,QB,98
Terry McLaurin,WR,99
Matthew Stafford,QB,100
Alec Pierce,WR,101
DJ Moore,WR,102
Jaylen Warren,RB,103
Daniel Jones,QB,104
Jordan Addison,WR,105
Jack Campbell,LB,106
Sonny Styles,LB,107
Jared Verse,DL,108
Travis Hunter,DB,109
Arvell Reese,LB,110
Jacob Rodriguez,LB,111
Bryce Young,QB,112
Parker Washington,WR,113
Fred Warner,LB,114
Kyle Monangai,RB,115
Blake Corum,RB,116
Dallas Turner,DL,117
DK Metcalf,WR,118
Dalton Kincaid,TE,119
Jayden Higgins,WR,120
Roquan Smith,LB,121
Laiatu Latu,DL,122
Nick Bosa,DL,123
Michael Wilson,WR,124
Eli Stowers,TE,125
Maxx Crosby,DL,126
Nick Emmanwori,DB,127
Kyle Hamilton,DB,128
Edgerrin Cooper,LB,129
Jordyn Brooks,LB,130
Brian Burns,DL,131
Nick Bolton,LB,132
Ty Simpson,QB,133
Denzel Boston,WR,134
Oronde Gadsden,TE,135
Devin Lloyd,LB,136
Jonathon Brooks,RB,137
Wan'Dale Robinson,WR,138
Zach Charbonnet,RB,139
Jihaad Campbell,LB,140
Omar Cooper,WR,141
CJ Allen,LB,142
George Kittle,TE,143
David Bailey,DL,144
Caleb Downs,DB,145
Ernest Jones,LB,146
Dillon Thieneman,DB,147
Rhamondre Stevenson,RB,148
Josh Downs,WR,149
Josh Hines-Allen,DL,150
Nakobe Dean,LB,151
Quay Walker,LB,152
Davante Adams,WR,153
Rico Dowdle,RB,154
Jake Ferguson,TE,155
Chuba Hubbard,RB,156
Mike Evans,WR,157
Jonah Coleman,RB,158
Zack Baun,LB,159
Nik Bonitto,DL,160
Michael Pittman,WR,161
Brenton Strange,TE,162
Cedric Gray,LB,163
Xavier Worthy,WR,164
Courtland Sutton,WR,165
Quentin Johnston,WR,166
Jayden Reed,WR,167
Rueben Bain,DL,168
Mark Andrews,TE,169
Tuli Tuipulotu,DL,170
Jakobi Meyers,WR,171
Tony Pollard,RB,172
Cooper DeJean,DB,173
Matthew Golden,WR,174
Kenneth Gainwell,RB,175
Chris Godwin,WR,176
Brian Branch,DB,177
Rachaad White,RB,178
Ricky Pearsall,WR,179
Dallas Goedert,TE,180
Nate Landman,LB,181
J.K. Dobbins,RB,182
T.J. Watt,DL,183
Blake Cashman,LB,184
Jalen Coker,WR,185
Alex Highsmith,DL,186
Devin Bush,LB,187
Derwin James,DB,188
Byron Young,DL,189
Jacory Croskey-Merritt,RB,190
Kevin Winston,DB,191
Chig Okonkwo,TE,192
Tyrone Tracy,RB,193
Romeo Doubs,WR,194
Terrance Ferguson,TE,195
AJ Barner,TE,196
Jaelan Phillips,DL,197
Tykee Smith,DB,198
Jamien Sherwood,LB,199
Khalil Shakir,WR,200
Josiah Trotter,LB,201
Tyler Allgeier,RB,202
George Karlaftis,DL,203
Jalon Walker,DL,204
Michael Penix,QB,205
Tua Tagovailoa,QB,206
Jordan Mason,RB,207
Woody Marks,RB,208
Travis Kelce,TE,209
Anthony Hill,LB,210
Foyesade Oluokun,LB,211
Antoine Winfield,DB,212
Danielle Hunter,DL,213
Travis Hunter,DB,214
Juwan Johnson,TE,215
J.J. McCarthy,QB,216
A.J. Haulcy,DB,217
Shedeur Sanders,QB,218
Nicholas Singleton,RB,219
DeMarvion Overshown,LB,220
Emmett Johnson,RB,221
Nick Cross,DB,222
Devon Witherspoon,DB,223
Azeez Al-Shaair,LB,224
T.J. Hockenson,TE,225
Dylan Sampson,RB,226
Jeffery Simmons,DL,227
Tremaine Edmunds,LB,228
Antonio Williams,WR,229
Daiyan Henley,LB,230
Chris Rodriguez,RB,231
Aaron Jones,RB,232
Jake Golday,LB,233
Hunter Henry,TE,234
Nick Herbig,DL,235
Budda Baker,DB,236
Byron Murphy,DL,237
Tyjae Spears,RB,238
Chase Young,DL,239
Tre' Harris,WR,240
Keaton Mitchell,RB,241
Emmanuel McNeil-Warren,DB,242
Aaron Rodgers,QB,243
Kaden Elliss,LB,244
Jalen Carter,DL,245
Gunnar Helm,TE,246
De'Zhaun Stribling,WR,247
Xavier Watts,DB,248
Payton Wilson,LB,249
Patrick Queen,LB,250
