name,value
2026 Early 1st,5631.0
2026 Early 2nd,3294.0
2026 Early 3rd,2232.0
2026 Early 4th,1681.0
2026 Late 1st,3953.0
2026 Late 2nd,2799.0
2026 Late 3rd,2070.0
2026 Late 4th,1497.0
2026 Mid 1st,4538.0
2026 Mid 2nd,2987.0
2026 Mid 3rd,2137.0
2026 Mid 4th,1611.0
2026 Pick 1.01,8013.0
2026 Pick 1.02,8323.0
2026 Pick 1.03,6647.0
2026 Pick 1.04,6486.0
2026 Pick 1.05,5961.0
2026 Pick 1.06,5575.0
2026 Pick 1.07,5312.0
2026 Pick 1.08,5200.0
2026 Pick 1.09,4908.0
2026 Pick 1.10,4845.0
2026 Pick 1.11,4553.0
2026 Pick 1.12,4409.0
2026 Pick 2.01,3990.0
2026 Pick 2.02,3863.0
2026 Pick 2.03,3685.0
2026 Pick 2.04,3528.0
2026 Pick 2.05,3430.0
2026 Pick 2.06,3308.0
2026 Pick 2.07,3261.0
2026 Pick 2.08,3144.0
2026 Pick 2.09,3088.0
2026 Pick 2.10,3031.0
2026 Pick 2.11,2925.0
2026 Pick 2.12,2749.0
2026 Pick 3.01,2631.0
2026 Pick 3.02,2476.0
2026 Pick 3.03,2388.0
2026 Pick 3.04,2350.0
2026 Pick 3.05,2328.0
2026 Pick 3.06,2285.0
2026 Pick 3.07,2243.0
2026 Pick 3.08,2140.0
2026 Pick 3.09,2062.0
2026 Pick 3.10,1962.0
2026 Pick 3.11,1912.0
2026 Pick 3.12,1766.0
2026 Pick 4.01,1720.0
2026 Pick 4.02,1637.0
2026 Pick 4.03,1587.0
2026 Pick 4.04,1556.0
2026 Pick 4.05,1544.0
2026 Pick 4.06,1524.0
2026 Pick 4.07,1502.0
2026 Pick 4.08,1478.0
2026 Pick 4.09,1428.0
2026 Pick 4.10,1412.0
2026 Pick 4.11,1381.0
2026 Pick 4.12,1352.0
2027 Early 1st,7129.0
2027 Early 2nd,3908.0
2027 Early 3rd,2617.0
2027 Early 4th,1935.0
2027 Late 1st,4905.0
2027 Late 2nd,3167.0
2027 Late 3rd,2217.0
2027 Late 4th,1691.0
2027 Mid 1st,5675.0
2027 Mid 2nd,3444.0
2027 Mid 3rd,2442.0
2027 Mid 4th,1753.0
2028 Early 1st,5011.0
2028 Early 2nd,3188.0
2028 Early 3rd,2170.0
2028 Early 4th,1622.0
2028 Late 1st,4072.0
2028 Late 2nd,2832.0
2028 Late 3rd,1989.0
2028 Late 4th,1293.0
2028 Mid 1st,4561.0
2028 Mid 2nd,2975.0
2028 Mid 3rd,2092.0
2028 Mid 4th,1556.0
A.J. Brown,5034.0
Aaron Jones,2241.0
Aaron Rodgers,1875.0
Abdul Carter,5419.0
Adam Randall,1016.0
Adisa Isaac,762.0
Adonai Mitchell,2451.0
Aidan Hutchinson,5667.0
AJ Barner,3181.0
AJ Epenesa,780.0
AJ Haulcy,2063.0
Akeem Davis Gaither,1228.0
Akheem Mesidor,1916.0
Alec Pierce,4058.0
Alex Anzalone,1241.0
Alex Highsmith,3009.0
Alex Singleton,1279.0
Alex Wright,759.0
Alexander Mattison,825.0
Alim McNeil,760.0
Alohi Gilman,1229.0
Alontae Taylor,874.0
Alvin Kamara,2049.0
Amani Hooker,1231.0
Amon-Ra St. Brown,7811.0
Andrei Iosivas,1661.0
Andrew Mukuba,1227.0
Andrew Van Ginkel,2971.0
Andrew Wingard,807.0
Andru Phillips,1227.0
Anfernee Jennings,779.0
Anthony Hill,2048.0
Anthony Richardson,2264.0
Antoine Winfield,1923.0
Antonio Williams,2995.0
Arden Key,774.0
Arian Smith,977.0
Arvell Reese,5404.0
Ashawn Robinson,760.0
Ashton Gillotte,1913.0
Ashton Jeanty,7585.0
Audric Estime,1567.0
Austin Booker,1915.0
Azeez Al Shaair,2118.0
Azeez Ojulari,777.0
Baker Mayfield,4788.0
Bam Knight,1086.0
Baron Browning,1225.0
Barrett Carter,1935.0
Ben Sinnott,2126.0
Bhayshul Tuten,3952.0
Bijan Robinson,9999.0
Billy Bowman,1247.0
Blake Cashman,2948.0
Blake Corum,3279.0
Bo Melton,989.0
Bo Nix,6024.0
Bobby Okereke,1276.0
Bobby Wagner,1233.0
Boye Mafe,1958.0
Braden Fiske,1314.0
Bradley Chubb,1230.0
Braelon Allen,2661.0
Bralen Trice,763.0
Brandon Aiyuk,2296.0
Brandon Dorlus,814.0
Brandon Jones,1227.0
Brashard Smith,1848.0
Breece Hall,5367.0
Brenden Rice,768.0
Brenen Thompson,1352.0
Brenton Strange,3422.0
Brevin Jordan,1369.0
Brian Branch,3527.0
Brian Burns,3599.0
Brian Robinson,2379.0
Brian Thomas,4779.0
Brock Bowers,8937.0
Brock Purdy,5851.0
Brock Wright,1334.0
Bryan Bresee,886.0
Bryan Cook,1288.0
Bryce Lance,1215.0
Bryce Young,4467.0
Bub Means,812.0
Bucky Irving,4799.0
Bud Clark,1249.0
Budda Baker,1926.0
Byron Murphy,3082.0
Byron Young,2927.0
C.J. Stroud,4825.0
Cade Klubnik,1791.0
Cade Otton,2719.0
Cade Stover,1829.0
Caleb Douglas,1102.0
Caleb Downs,3609.0
Caleb Williams,7977.0
Calen Bullock,829.0
Calijah Kancey,2098.0
Calvin Austin,1454.0
Calvin Ridley,1869.0
Cam Skattebo,4718.0
Cam Taylor Britt,837.0
Cam Ward,5408.0
Cameron Heyward,882.0
Camryn Bynum,1227.0
Carl Granderson,1938.0
Carnell Tate,5899.0
Carson Beck,1797.0
Carson Schwesinger,5651.0
Cashius Howell,1917.0
Cedric Gray,3162.0
Cedric Tillman,1866.0
CeeDee Lamb,7267.0
Chamarri Conner,1263.0
Charlie Kolar,1371.0
Chase Brown,5006.0
Chase Young,2071.0
Chigoziem Okonkwo,3162.0
Chimere Dike,2421.0
Chop Robinson,1961.0
Chris Bell,2993.0
Chris Braswell,781.0
Chris Brazzell,2630.0
Chris Brooks,1235.0
Chris Godwin,2925.0
Chris Jones,1912.0
Chris Olave,5533.0
Chris Rodriguez,2589.0
Christian Barmore,827.0
Christian Benford,842.0
Christian Elliss,1225.0
Christian Gonzalez,1225.0
Christian Harris,1359.0
Christian Kirk,1972.0
Christian McCaffrey,4990.0
Christian Rozeboom,1240.0
Christian Watson,3751.0
Chuba Hubbard,3311.0
CJ Allen,3127.0
CJ Daniels,868.0
CJ Gardner-Johnson,832.0
Coby Bryant,867.0
Cody Barton,1233.0
Cody Simon,1932.0
Colby Parkinson,2254.0
Cole Bishop,1913.0
Cole Kmet,2364.0
Colston Loveland,6793.0
Cooper DeJean,3420.0
Cooper Dejean,3055.0
Cooper Kupp,1765.0
Cooper McDonald,765.0
Courtland Sutton,3145.0
Craig Woodson,809.0
D'Andre Swift,3557.0
D.J. Moore,3688.0
D.J. Wonnum,820.0
Dadrion Taylor-Demerson,1919.0
Daiyan Henley,2011.0
Dak Prescott,4951.0
Dallas Goedert,2999.0
Dallas Turner,4173.0
Dalton Kincaid,3700.0
Dalton Schultz,2644.0
Dameon Pierce,988.0
Damien Martinez,1464.0
Daniel Bellinger,1823.0
Daniel Jones,3911.0
Danielle Hunter,2999.0
Danny Stutsman,2041.0
Dante Trader,801.0
Darius Muasau,764.0
Darius Robinson,890.0
Darius Slayton,1565.0
Darnell Mooney,2076.0
Darnell Washington,2217.0
Daron Payne,804.0
Darren Waller,1009.0
Davante Adams,3273.0
David Bailey,3603.0
David Bell,981.0
David Montgomery,3405.0
David Njoku,2861.0
David Walker,768.0
Davis Allen,1310.0
Davis Mills,1351.0
Dawson Knox,2147.0
Daxton Hill,1227.0
Dayo Odeyingbo,1225.0
De'Von Achane,6920.0
De'Zhaun Stribling,2447.0
Dee Winters,1236.0
Deebo Samuel,2156.0
DeForest Buckner,1928.0
Deion Burks,1121.0
DeMarcus Lawrence,1490.0
Demarcus Lawrence,1228.0
Demarcus Robinson,841.0
Demario Davis,1226.0
DeMario Douglas,2471.0
Demario Douglas,2000.0
DeMarvion Overshown,2393.0
Demarvion Overshown,1977.0
Demetrius Knight,1949.0
Demond Claiborne,1770.0
Denzel Boston,3445.0
Deommodore Lenoir,793.0
Deone Walker,761.0
Derek Stingley,834.0
Derick Hall,1226.0
Derrick Barnes,1237.0
Derrick Brown,1329.0
Derrick Harmon,1340.0
Derrick Henry,3944.0
Derrick Moore,1254.0
Derwin James,3068.0
Deshaun Watson,2164.0
Deshon Elliot,923.0
Devaughn Vele,1460.0
Devin Bush,3111.0
Devin Lloyd,3288.0
Devin Neal,2074.0
Devin Singletary,1256.0
Devin White,1234.0
Devon Witherspoon,3043.0
DeVonta Smith,5435.0
Devonte Wyatt,1229.0
Devontez Walker,1401.0
Dexter Lawrence,1225.0
Dillon Gabriel,1409.0
Dillon Thieneman,3220.0
Divine Deablo,1933.0
DJ Giddens,2060.0
DK Metcalf,3534.0
Donovan Edwards,1190.0
Donovan Ezeiruaku,1970.0
Donovan Wilson,758.0
Dont'e Thornton,2007.0
Dontayvion Wicks,2383.0
Dorance Armstrong,1225.0
Dorian Williams,945.0
Drake London,6958.0
Drake Maye,9375.0
Drake Thomas,1373.0
Dre Greenlaw,1235.0
Drew Allar,1590.0
Drew Lock,961.0
Drew Sanders,772.0
Dru Phillips,1489.0
Drue Tranquill,913.0
Dyami Brown,1400.0
Dylan Sampson,2741.0
Ed Oliver,1267.0
Edgerrin Cooper,3600.0
Efton Chism,1266.0
EJ Speed,763.0
Eli Heidenreich,1128.0
Eli Raridon,1620.0
Eli Stowers,4208.0
Elic Ayomanor,2599.0
Elijah Arroyo,2895.0
Elijah Higgins,1595.0
Elijah Molden,790.0
Elijah Moore,1209.0
Elijah Sarratt,2786.0
Emanuel Wilson,2074.0
Emari Demercado,1146.0
Emeka Egbuka,6076.0
Emmanuel McNeil-Warren,2080.0
Emmett Johnson,2569.0
Eric Wilson,1228.0
Erick All,1590.0
Ernest Jones,3598.0
Evan Engram,2250.0
Evan Williams,767.0
Fernando Mendoza,5637.0
Foster Moreau,861.0
Foye Oluokun,2141.0
Frank Gore,871.0
Frankie Luvu,1911.0
Fred Warner,4164.0
Gabriel Davis,1144.0
Gardner Minshew,1142.0
Garrett Nussmeier,1682.0
Garrett Wilson,5704.0
Geno Smith,2224.0
George Holani,1269.0
George Karlaftis,1997.0
George Kittle,3669.0
George Pickens,5875.0
Germaine Pratt,903.0
Germie Bernard,2963.0
Gervon Dexter Dr,1227.0
Grant Calcaterra,888.0
Grant Delpit,1232.0
Greg Dortch,1161.0
Greg Dulcich,2220.0
Greg Rousseau,2006.0
Gunnar Helm,3105.0
Haason Reddick,860.0
Harold Fannin,5473.0
Harold Landry,1916.0
Harold Perkins,1245.0
Harrison Bryant,851.0
Hassan Haskins,891.0
Henry To'oTo'o,939.0
Hunter Henry,2665.0
Isaac Guerendo,1598.0
Isaac TeSlaa,2811.0
Isaiah Bond,2013.0
Isaiah Davis,1844.0
Isaiah Hodgins,984.0
Isaiah Likely,3832.0
Isaiah Mcduffie,1228.0
Isaiah McGuire,1226.0
Isiah Pacheco,2349.0
Israel Abanikanda,1011.0
Ivan pace,1912.0
J'Mari Taylor,863.0
J.J. McCarthy,2829.0
J.K. Dobbins,2939.0
Ja'Kobi Lane,2382.0
Ja'Lynn Polk,1463.0
Ja'Marr Chase,9990.0
Ja'Quan McMillian,759.0
Ja'Tavion Sanders,2466.0
Jack Bech,2530.0
Jack Campbell,5637.0
Jack Endries,1071.0
Jack Kiser,1352.0
Jack Sanborn,1229.0
Jack Sawyer,1298.0
Jacob Cowing,1078.0
Jacob Parrish,1415.0
Jacob Rodriguez,3605.0
Jacoby Brissett,2666.0
Jacory Croskey-Merritt,2952.0
Jadarian Price,4852.0
Jaden Hicks,761.0
Jaelan Phillips,2056.0
Jahan Dotson,1666.0
Jahdae Barron,1294.0
Jahmyr Gibbs,9676.0
Jaishawn Barham,1250.0
Jake Bobo,1100.0
Jake Ferguson,3670.0
Jake Golday,3200.0
Jake Tonges,2673.0
Jakobe Thomas,1253.0
Jakobi Meyers,3145.0
Jaleel McLaughlin,1478.0
Jalen Carter,3180.0
Jalen Coker,3090.0
Jalen Hurts,6201.0
Jalen McMillan,2948.0
Jalen Milroe,2235.0
Jalen Nailor,2350.0
Jalen Pitre,1927.0
Jalen Ramsey,878.0
Jalen Redmond,1910.0
Jalen Royals,1862.0
Jalen Thompson,845.0
Jalen Tolbert,1793.0
Jalin Hyatt,1230.0
Jalon Walker,3396.0
Jalyx Hunt,1918.0
Jam Miller,781.0
Jamari Thrash,913.0
Jameis Winston,1393.0
James Conner,1794.0
James Cook,5987.0
James Pearce,1980.0
Jameson Williams,4697.0
Jamien Sherwood,2934.0
Jaquan Brisker,1232.0
Jared Goff,4675.0
Jared Verse,3611.0
Jared Wiley,1363.0
Jarquez Hunter,1657.0
Jauan Jennings,2678.0
Javon Baker,1075.0
Javon Bullard,810.0
Javon Hargrave,762.0
Javon Solomon,778.0
Javonte Williams,4512.0
Jawhar Jordan,873.0
Jaxon Smith-Njigba,9802.0
Jaxson Dart,6591.0
Jaycee Horn,908.0
Jayden Daniels,7807.0
Jayden Higgins,3404.0
Jayden Reed,3479.0
Jaydon Blue,2056.0
Jaylen Waddle,4778.0
Jaylen Warren,3165.0
Jaylen Wright,2216.0
Jaylin Lane,1956.0
Jaylin Noel,2683.0
Jaylon Carlies,822.0
Jeffery Simmons,3241.0
Jeffrey Bassa,771.0
Jeremiah Trotter,776.0
Jeremiyah Love,7655.0
Jeremy Chinn,1921.0
Jeremy Ruckert,872.0
Jermaine Johnson,1324.0
Jerome Ford,1541.0
Jerry Jeudy,2633.0
Jessie Bates,1914.0
Jevon Holland,857.0
Jihaad Campbell,3602.0
Jimmy Horn,1550.0
Joe Bachie,765.0
Joe Burrow,7425.0
Joe Flacco,1098.0
Joe Milton,1725.0
Joe Mixon,1097.0
Joey Bosa,773.0
Joey Porter,779.0
John Franklin-Myers,766.0
John Metchie,1512.0
Johnny Newton,1425.0
Jonah Coleman,3148.0
Jonah Elliss,1259.0
Jonah Laulu,816.0
Jonas Sanker,1230.0
Jonathan Allen,802.0
Jonathan Greenard,2980.0
Jonathan Mingo,1084.0
Jonathan Taylor,6006.0
Jonathon Brooks,3206.0
Jonathon Cooper,1941.0
Jonnu Smith,1395.0
Jordan Addison,4018.0
Jordan Battle,1269.0
Jordan Burch,1257.0
Jordan James,2134.0
Jordan Love,5566.0
Jordan Magee,772.0
Jordan Mason,2676.0
Jordan Watkins,1111.0
Jordan Whittington,1572.0
Jordyn Brooks,3031.0
Jordyn Tyson,5374.0
Josaiah Stewart,1256.0
Joseph Ossai,1265.0
Josh Allen,9988.0
Josh Downs,3613.0
Josh Hines Allen,3593.0
Josh Jacobs,3602.0
Josh Metellus,1380.0
Josh Sweat,1939.0
Joshua Palmer,1590.0
Josiah Trotter,2089.0
JT Tuimoloau,1406.0
Julian Love,1922.0
Junior Colson,951.0
Justice Hill,1361.0
Justin Fields,2059.0
Justin Herbert,6889.0
Justin Jefferson,7756.0
Justin Joly,1961.0
Justin Madubuike,1225.0
Justin Reid,848.0
Justin Strnad,759.0
Juwan Johnson,2736.0
K'Lavon Chaisson,1543.0
K'lavon Chaisson,1291.0
Kaden Elliss,2153.0
Kaelon Black,1535.0
Kain Medrano,771.0
Kaleb Johnson,2390.0
Kalel Mullings,1056.0
Kamari Lassiter,1388.0
Kameron Johnson,1204.0
Kamren Curl,1334.0
Kamren Kinchens,818.0
Kareem Hunt,842.0
KaVontae Turpin,1158.0
Kayshon Boutte,2632.0
Kaytron Allen,2549.0
Kayvon Thibodeaux,2035.0
KC Concepcion,4522.0
KeAndre Lambert-Smith,1570.0
Keaton Mitchell,2412.0
Keeanu Benton,1237.0
Keenan Allen,1340.0
Keion White,782.0
Keionte Scott,1284.0
Keisean Nixon,1225.0
Keldrick Faulk,1917.0
Kendall Milton,760.0
Kendre Miller,1859.0
Kendrick Bourne,1416.0
Kenneth Gainwell,2854.0
Kenneth Grant,1226.0
Kenneth Murray,825.0
Kenneth Walker,5435.0
Kenny McIntosh,1015.0
Kenny Moore,1227.0
Kenny Pickett,1077.0
Kenyon Sadiq,4680.0
Keon Coleman,2483.0
Kerby Joseph,894.0
Kevin Byard,1228.0
Kevin Coleman,1731.0
Kevin Winston,2022.0
Keyron Crawford,1246.0
Khalil Mack,1230.0
Khalil Shakir,2971.0
Kimani Vidal,2194.0
Kirk Cousins,1947.0
Kobie Turner,1913.0
Konata Mumpfield,1364.0
Kool Aid McKinstry,839.0
Kwity Paye,1915.0
Kyle Hamilton,3608.0
Kyle Louis,1242.0
Kyle Monangai,3655.0
Kyle Pitts,4987.0
Kyle Van Noy,766.0
Kyle Williams,2419.0
Kyler Gordon,1225.0
Kyler Murray,4115.0
Kyren Williams,4837.0
L'Jarius Sneed,798.0
Ladd McConkey,5468.0
Laiatu Latu,3595.0
Lamar Jackson,7673.0
Landon Jackson,1231.0
Lathan Ransom,1229.0
Le'Veon Moss,949.0
Leo Chenal,2940.0
Leonard Williams,1912.0
LeQuint Allen,2048.0
Lil'Jordan Humphrey,967.0
Lukas Van Ness,1239.0
Luke McCaffrey,1693.0
Luke Musgrave,2183.0
Luke Schoonmaker,1559.0
Luther Burden,5354.0
Mac Jones,2684.0
Mack Hollins,1103.0
Mack Wilson,1236.0
Makai Lemon,5077.0
Malachi Corley,1219.0
Malachi Fields,2702.0
Malachi Lawrence,1956.0
Malaki Starks,1920.0
Malcolm Koonce,1225.0
Malik Davis,1292.0
Malik Mustapha,1261.0
Malik Nabers,7616.0
Malik Washington,2514.0
Malik Willis,3960.0
Marcus Jones,1302.0
Marcus Mariota,1273.0
Marist Liufau,764.0
Mark Andrews,3164.0
Marlowe Wax,763.0
Marquise Brown,1731.0
MarShawn Lloyd,1982.0
Marvin Harrison,5001.0
Marvin Mims,2112.0
Mason Graham,1306.0
Mason Taylor,2785.0
Mason Tipton,957.0
Matt Judon,761.0
Matt Milano,769.0
Matthew Golden,3709.0
Matthew Hibner,1083.0
Matthew Stafford,3756.0
Max Klare,2680.0
Maxx Crosby,3606.0
Micah Mcfadden,1234.0
Micah Parsons,5409.0
Michael Carter,990.0
Michael Hall,786.0
Michael Mayer,2520.0
Michael Penix,3162.0
Michael Pittman,3357.0
Michael Trigg,1530.0
Michael Wilson,3626.0
Mike Evans,3288.0
Mike Gesicki,1811.0
Mike Green,2017.0
Mike Sainristill,1918.0
Mike Washington,2381.0
Milton Williams,1910.0
Minkah Fitzpatrick,928.0
Mitchell Evans,1537.0
Montez Sweat,1947.0
Mykel Williams,1914.0
Myles Garrett,5414.0
Myles Murphy,1397.0
Najee Harris,1646.0
Nakobe Dean,3339.0
Nate Hobbs,785.0
Nate Landman,3264.0
Nate Wiggins,796.0
Nic Scourton,1943.0
Nicholas Singleton,2946.0
Nick Bolton,3367.0
Nick Bosa,3426.0
Nick Cross,1920.0
Nick Emmanwori,4169.0
Nick Herbig,2989.0
Nick Westbrook-Ikhine,946.0
Nico Collins,5603.0
Nik Bonitto,3596.0
Nikolas Martin,1911.0
Noah Fant,1760.0
Noah Gray,1872.0
Noah Sewell,1282.0
Nolan Smith,2001.0
Odafe Oweh,1967.0
Olamide Zaccheaus,1257.0
Ollie Gordon,2343.0
Oluwafemi Oladejo,1238.0
Omar Cooper,3862.0
Omar Speights,775.0
Omarion Hampton,6817.0
Omarr Norman Lott,1226.0
Oronde Gadsden,4083.0
Oscar Delp,1700.0
Parker Washington,3579.0
Pat Bryant,2521.0
Pat Freiermuth,2660.0
Patrick Jones,899.0
Patrick Mahomes,6694.0
Patrick Queen,1992.0
Patrick Surtain,767.0
Paulson Adebo,871.0
Payton Wilson,3096.0
Pete Werner,1226.0
Phil Mafah,1193.0
Princely Umanmielen,918.0
Puka Nacua,8604.0
Quan Martin,854.0
Quay Walker,3144.0
Quentin Johnston,3369.0
Quentin Lake,1923.0
Quincy Williams,1930.0
Quinn Ewers,1783.0
Quinnen Williams,1936.0
Quinshon Judkins,5495.0
Quinyon Mitchell,783.0
R Mason Thomas,1953.0
Rachaad White,2738.0
Raheim Sanders,1356.0
Rashan Gary,1910.0
Rashee Rice,4491.0
Rasheen Ali,1212.0
Rashid Shaheed,2881.0
Rashod Bateman,2083.0
Ray Davis,1968.0
Reed Blankenship,851.0
Rhamondre Stevenson,2949.0
Ricky Pearsall,3441.0
Rico Dowdle,3171.0
Riley Leonard,1746.0
Riley Moss,864.0
RJ Harvey,3432.0
Robert Spillane,1911.0
Roman Wilson,1604.0
Rome Odunze,5411.0
Romeo Doubs,3209.0
Roquan Smith,3492.0
Roschon Johnson,1504.0
Rueben Bain,3020.0
Ruke Orhorhoro,759.0
Ryan Flournoy,1767.0
Sam Darnold,4657.0
Sam Howell,1028.0
Sam LaPorta,5059.0
Sam Roush,1246.0
Samuel Mondon,762.0
Saquon Barkley,4919.0
Sauce Gardner,787.0
Savion Williams,1711.0
Sean Tucker,2174.0
Seth McGowan,926.0
Shaun Dolac,1225.0
Shedeur Sanders,2747.0
Shemar James,1225.0
Shemar Stewart,1240.0
Sione Vaki,969.0
SirVocea Dennis,1271.0
Skyler Bell,2538.0
Skyy Moore,977.0
Sonny Styles,5399.0
Spencer Rattler,1644.0
Stefon Diggs,2166.0
T.J. Hockenson,3202.0
Tahj Brooks,1635.0
Tahj Washington,1469.0
Tai Felton,1294.0
Talanoa Hufanga,1925.0
Tank Bigsby,2416.0
Tank Dell,2535.0
Tanner McKee,1252.0
Tarheeb Still,791.0
Taron Johnson,1225.0
Tatum Bethune,1226.0
Taurean York,1243.0
Taylen Green,874.0
Taylor Rapp,789.0
Ted Hurst,2295.0
Teddye Buchanan,1235.0
Tee Higgins,4883.0
Terrance Ferguson,3038.0
Terrel Bernard,1988.0
Terrion Arnold,792.0
Terry McLaurin,3464.0
Tershawn Wharton,760.0
Tetairoa McMillan,6540.0
Tez Johnson,2140.0
Theo Johnson,2643.0
Thomas Fidone,876.0
TJ Edwards,1911.0
TJ Parker,1945.0
TJ Watt,2963.0
Tommy Eichenberg,775.0
Tommy Tremble,1680.0
Tony Pollard,2812.0
Tory Horton,2699.0
Travis Etienne,4503.0
Travis Hunter,6444.0
Travis Kelce,2851.0
Travon Walker,1973.0
Tre Harris,2756.0
Tre Tucker,2460.0
Tremaine Edmunds,2108.0
Trent McDuffie,1319.0
Trenton Simpson,770.0
TreVeyon Henderson,5443.0
Trevin Wallace,1273.0
Trevon Moehrig,1924.0
Trevor Etienne,2060.0
Trevor Lawrence,6383.0
Trey Benson,2270.0
Trey Hendrickson,2955.0
Trey Lance,1141.0
Trey McBride,8373.0
Trey Palmer,1174.0
Treylon Burks,1506.0
Troy Andersen,769.0
Troy Dye,934.0
Troy Franklin,2651.0
Tua Tagovailoa,2710.0
Tucker Kraft,5457.0
Tuli Tuipulotu,3313.0
Tutu Atwell,1620.0
Ty Johnson,1295.0
TY Okada,805.0
Ty Simpson,3647.0
Ty'Ron Hopper,812.0
Tyjae Spears,2590.0
Tykee Smith,2028.0
Tyler Allgeier,2747.0
Tyler Badie,978.0
Tyler Goodson,1104.0
Tyler Higbee,1690.0
Tyler Huntley,1164.0
Tyler Nubin,1310.0
Tyler Scott,962.0
Tyler Shough,4883.0
Tyler Warren,6454.0
Tyquan Thornton,1853.0
Tyree Wilson,1226.0
Tyreek Hill,2001.0
Tyrel Dodson,1951.0
Tyrell Shavers,1019.0
Tyrice Knight,1226.0
Tyrone Tracy,2666.0
Tyson Bagent,1438.0
Tyson Campbell,799.0
Uchenna Nwosu,1225.0
Ventrell Miller,1365.0
Wade Woodaz,1244.0
Walter Nolen,1346.0
Wan'Dale Robinson,3536.0
Will Anderson,5963.0
Will Howard,1990.0
Will Johnson,784.0
Will Levis,1352.0
Will McDonald,2381.0
Will Mcdonald,1964.0
Will Shipley,1682.0
Willie Gay,768.0
Woody Marks,2786.0
Xaiver Watts,1931.0
Xavier Gipson,869.0
Xavier Hutchinson,1682.0
Xavier Legette,1950.0
Xavier McKinney,1500.0
Xavier Mckinney,1231.0
Xavier Restrepo,1289.0
Xavier Worthy,3349.0
Yaya Diaby,2399.0
YaYa Diaby,1984.0
Zach Allen,2129.0
Zach Charbonnet,3356.0
Zach Ertz,1392.0
Zach Harrison,1225.0
Zach Sieler,1225.0
Zach Wilson,1001.0
Zachariah Branch,2698.0
Zack Baun,3458.0
Zaire Franklin,1912.0
Zaven Collins,1226.0
Zavier Scott,784.0
Zavion Thomas,1281.0
Zay Flowers,4816.0
Zion Young,1251.0
