name,value,rank
Jahmyr Gibbs,100.0,1
Bijan Robinson,96.9,2
Josh Allen,94.2,3
Ja'Marr Chase,86.0,4
Jaxon Smith-Njigba,80.4,5
Puka Nacua,70.3,6
Amon-Ra St. Brown,66.7,7
Lamar Jackson,66.7,7
Caleb Williams,66.3,9
Drake Maye,65.8,10
Ashton Jeanty,63.8,11
Justin Jefferson,61.7,12
Jeremiyah Love,59.6,13
Brock Bowers,58.6,14
Joe Burrow,58.2,15
CeeDee Lamb,56.6,16
Malik Nabers,55.6,17
Trey McBride,54.0,18
Jonathan Taylor,54.0,18
Omarion Hampton,52.1,20
James Cook,51.1,21
Jayden Daniels,50.6,22
Jalen Hurts,50.2,23
De'Von Achane,49.0,24
Patrick Mahomes,48.6,25
Trevor Lawrence,48.5,26
Kenneth Walker,47.7,27
Justin Herbert,46.2,28
Drake London,45.9,29
Brock Purdy,42.9,30
George Pickens,40.7,31
Jaxson Dart,40.5,32
Tetairoa McMillan,40.1,33
Bo Nix,39.6,34
Chris Olave,39.3,35
Chase Brown,38.9,36
Christian McCaffrey,38.3,37
Nico Collins,37.1,38
Colston Loveland,36.3,39
Emeka Egbuka,35.5,40
Garrett Wilson,35.2,41
Breece Hall,34.9,42
Tyler Warren,34.7,43
Saquon Barkley,34.3,44
Jordan Love,34.2,45
Dak Prescott,33.9,46
Zay Flowers,33.8,47
Fernando Mendoza,33.2,48
Ladd McConkey,33.1,49
DeVonta Smith,31.9,50
Carnell Tate,31.9,50
Kyren Williams,31.1,52
Quinshon Judkins,30.3,53
Derrick Henry,30.2,54
Tyler Shough,29.8,55
Luther Burden,29.3,56
Jadarian Price,29.2,57
Bucky Irving,29.0,58
TreVeyon Henderson,28.9,59
Jared Goff,28.6,60
A.J. Brown,28.6,60
Javonte Williams,28.1,62
Tee Higgins,28.1,62
Jordyn Tyson,27.9,64
Cam Skattebo,27.9,64
Jaylen Waddle,27.7,66
Rashee Rice,27.6,67
C.J. Stroud,27.6,67
Bryce Young,27.2,69
Parker Washington,26.4,70
Rome Odunze,26.3,71
Tucker Kraft,26.1,72
Baker Mayfield,25.6,73
Cam Ward,25.6,73
Jameson Williams,23.7,75
D'Andre Swift,23.5,76
Christian Watson,23.4,77
Sam LaPorta,23.3,78
Makai Lemon,23.2,79
Bhayshul Tuten,22.8,80
Travis Etienne,22.6,81
Sam Darnold,22.5,82
Kyler Murray,21.7,83
KC Concepcion,21.7,83
Harold Fannin,21.6,85
Marvin Harrison,21.2,86
Brian Thomas,21.1,87
Matthew Stafford,20.3,88
David Montgomery,19.7,89
Kenyon Sadiq,19.5,90
Matthew Golden,19.5,90
DJ Moore,19.4,92
Denzel Boston,19.2,93
Dalton Kincaid,18.9,94
Ty Simpson,18.4,95
Kyle Pitts,18.4,95
Jalen Coker,17.7,97
Malik Willis,17.6,98
Daniel Jones,16.9,99
Isaiah Likely,16.3,100
Josh Jacobs,16.2,101
Chuba Hubbard,15.9,102
Davante Adams,15.4,103
Michael Wilson,15.2,104
George Kittle,14.8,105
De'Zhaun Stribling,14.7,106
Alec Pierce,14.5,107
Jordan Addison,14.4,108
Blake Corum,14.1,109
Kyle Monangai,14.0,110
Jonah Coleman,13.8,111
Terry McLaurin,13.7,112
RJ Harvey,13.6,113
Omar Cooper,13.6,113
DK Metcalf,13.4,115
Jaylen Warren,13.3,116
Rhamondre Stevenson,13.3,116
Mike Evans,13.3,116
Jonathon Brooks,13.2,119
Josh Downs,13.1,120
Jacory Croskey-Merritt,13.0,121
Quentin Johnston,12.6,122
Michael Penix,12.6,122
Jayden Reed,12.4,124
Antonio Williams,12.3,125
Xavier Worthy,12.3,125
Zach Charbonnet,12.1,127
MarShawn Lloyd,12.0,128
Chris Bell,11.9,129
Mike Washington,11.9,129
Emmett Johnson,11.9,129
Jayden Higgins,11.7,132
Jordan Mason,11.6,133
Rico Dowdle,11.4,134
Kaelon Black,11.3,135
Ja'Kobi Lane,11.3,135
Michael Pittman,11.3,135
Eli Stowers,11.3,135
Malachi Fields,11.3,135
Chris Godwin,10.9,140
Wan'Dale Robinson,10.8,141
J.K. Dobbins,10.6,142
Jake Ferguson,10.5,143
Caleb Douglas,10.5,143
Mark Andrews,10.5,143
Courtland Sutton,10.5,143
Kenny Gainwell,10.4,147
Tony Pollard,10.4,147
Oronde Gadsden,10.4,147
Carson Beck,10.2,150
Romeo Doubs,10.1,151
Terrance Ferguson,10.1,151
Tyler Allgeier,9.7,153
Stefon Diggs,9.6,154
Germie Bernard,9.6,154
Woody Marks,9.5,156
Travis Kelce,9.5,156
Dallas Goedert,9.5,156
Deebo Samuel,9.4,159
Brenton Strange,9.3,160
Khalil Shakir,9.3,160
Nicholas Singleton,9.2,162
Drew Allar,9.2,162
Chris Rodriguez,9.2,162
Dontayvion Wicks,9.2,162
Juwan Johnson,9.1,166
Pat Bryant,9.0,167
Jacoby Brissett,8.9,168
Dylan Sampson,8.9,168
Geno Smith,8.9,168
Rachaad White,8.9,168
Ricky Pearsall,8.9,168
Aaron Jones,8.8,173
AJ Barner,8.8,173
Eli Raridon,8.7,175
Kaleb Johnson,8.7,175
Ted Hurst,8.7,175
Braelon Allen,8.7,175
Rashid Shaheed,8.6,179
Zachariah Branch,8.6,179
Jakobi Meyers,8.6,179
Kirk Cousins,8.5,182
Adonai Mitchell,8.5,182
Tank Bigsby,8.5,182
Cyrus Allen,8.5,182
Shedeur Sanders,8.5,182
Deshaun Watson,8.5,182
Tua Tagovailoa,8.5,182
Chig Okonkwo,8.5,182
Mac Jones,8.5,182
Jalen McMillan,8.5,182
Tre Tucker,8.4,192
J.J. McCarthy,8.4,192
Kayshon Boutte,8.3,194
Brian Robinson,8.3,194
Aaron Rodgers,8.1,196
Dalton Schultz,8.1,196
T.J. Hockenson,8.1,196
Keaton Mitchell,8.0,199
Tre' Harris,8.0,199
Tyrone Tracy,8.0,199
Jameis Winston,7.9,202
Tyjae Spears,7.9,202
Hunter Henry,7.9,202
Devaughn Vele,7.8,205
Tank Dell,7.8,205
Malik Washington,7.7,207
Ollie Gordon,7.7,207
Jaylin Noel,7.7,207
Jalon Daniels,7.7,207
Marcus Mariota,7.6,211
Gunnar Helm,7.5,212
Keon Coleman,7.4,213
Drew Lock,7.4,213
Isiah Pacheco,7.4,213
Anthony Richardson,7.4,213
Carson Wentz,7.3,217
Michael Mayer,7.3,217
Demond Claiborne,7.3,217
Cade Klubnik,7.3,217
Jalen Nailor,7.2,221
Rashod Bateman,7.2,221
Adam Randall,7.2,221
Elijah Sarratt,7.2,221
Jaylen Wright,7.1,225
Tyson Bagent,7.1,225
Pat Freiermuth,7.1,225
Max Klare,7.1,225
Skyler Bell,7.1,225
Cade Otton,7.1,225
Chris Brazzell,7.1,225
Davis Mills,7.0,232
Kaytron Allen,7.0,232
Jalen Milroe,7.0,232
Elic Ayomanor,6.9,235
Ray Davis,6.8,236
Kyle Williams,6.8,236
Seth McGowan,6.8,236
Will Levis,6.8,236
Alvin Kamara,6.7,240
Troy Franklin,6.7,240
Will Howard,6.7,240
Jack Bech,6.6,243
Joe Mixon,6.6,243
Isaac TeSlaa,6.6,243
Justin Fields,6.5,246
Tyler Huntley,6.5,246
Kimani Vidal,6.5,246
Jalen Royals,6.4,249
Sean Tucker,6.4,249
Devin Singletary,6.4,249
Jauan Jennings,6.3,252
Najee Harris,6.3,252
Zavion Thomas,6.3,252
Jerry Jeudy,6.3,252
Christian Kirk,6.3,252
Jaydon Blue,6.3,252
Kendre Miller,6.2,258
Tory Horton,6.2,258
Trevor Etienne,6.2,258
Joe Milton,6.1,261
Xavier Hutchinson,6.1,261
Colbie Young,6.1,261
Ryan Flournoy,6.1,261
Isaiah Davis,6.1,261
Odell Beckham,6.1,261
James Conner,6.1,261
Tyreek Hill,6.1,261
Joshua Palmer,6.0,269
Tez Johnson,6.0,269
Malik Davis,6.0,269
Xavier Legette,6.0,269
Jack Strand,5.9,273
Keenan Allen,5.9,273
Erick All,5.9,273
Cooper Rush,5.9,273
Kalif Raymond,5.9,273
Riley Leonard,5.9,273
Matt Hibner,5.9,273
Eli Heidenreich,5.9,273
Oscar Delp,5.9,273
Bryce Lance,5.9,273
Jacob Saylors,5.9,273
Garrett Nussmeier,5.9,273
Elijah Arroyo,5.8,285
Luke McCaffrey,5.8,285
George Holani,5.8,285
Spencer Rattler,5.8,285
Emanuel Wilson,5.8,285
Mack Hollins,5.8,285
Kevin Coleman,5.8,285
Joe Flacco,5.8,285
Quinn Ewers,5.7,293
Justin Joly,5.7,293
Mason Taylor,5.7,293
Chimere Dike,5.6,296
Trey Benson,5.6,296
Brandon Aiyuk,5.6,296
Treylon Burks,5.6,296
Jake Tonges,5.6,296
Marvin Mims,5.5,301
Roschon Johnson,5.5,301
Tahj Brooks,5.5,301
Cedric Tillman,5.5,301
Calvin Austin,5.5,301
Jordan James,5.5,301
DJ Giddens,5.5,301
Darnell Mooney,5.5,301
Evan Engram,5.4,309
Barion Brown,5.4,309
Calvin Ridley,5.4,309
Will Kacmarek,5.4,309
Malik Benson,5.4,309
Justice Hill,5.4,309
Cooper Kupp,5.3,315
Marlin Klein,5.3,315
David Njoku,5.3,315
Trey Lance,5.2,318
CJ Daniels,5.2,318
Jarquez Hunter,5.2,318
Greg Dulcich,5.2,318
Emari Demercado,5.2,318
Roman Wilson,5.2,318
Isaiah Bond,5.1,324
Marquise Brown,5.1,324
Kendrick Bourne,5.1,324
Audric Estime,5.1,324
Darren Waller,5.1,324
J'Mari Taylor,5.1,324
Jahan Dotson,5.1,324
Ty Johnson,5.1,324
Samaje Perine,5.0,332
Brenen Thompson,5.0,332
Devin Neal,5.0,332
Chris Brooks,5.0,332
LeQuint Allen,5.0,332
Mike Gesicki,4.9,337
Gardner Minshew,4.9,337
Savion Williams,4.9,337
Dawson Knox,4.9,337
Will Shipley,4.8,341
Jalen Tolbert,4.8,341
Tyquan Thornton,4.8,341
Darnell Washington,4.8,341
Charlie Kolar,4.7,345
Zach Ertz,4.7,345
Jaylin Lane,4.6,347
Cole Kmet,4.6,347
Michael Trigg,4.5,349
Colby Parkinson,4.5,349
Luke Musgrave,4.5,349
Ja'Tavion Sanders,4.5,349
DeMario Douglas,4.4,353
Noah Gray,4.1,354
Tanner Koziol,4.0,355
Theo Johnson,3.8,356
Tai Felton,3.8,356
John Metchie,3.8,356
Ben Sinnott,3.7,359
Dont'e Thornton,3.7,359
Taylen Green,3.7,359
Brashard Smith,3.6,362
Jonnu Smith,3.5,363
Deion Burks,3.4,364
KeAndre Lambert-Smith,3.2,365
Raheim Sanders,3.0,366
Andrei Iosivas,1.9,367
Darius Slayton,1.0,368
Dillon Gabriel,0.1,369
