name,value,rank,sleeper_id
Josh Allen,9999.0,1,4984
Jahmyr Gibbs,9923.0,2,9221
Jaxon Smith-Njigba,9846.0,3,9488
Bijan Robinson,9770.0,4,9509
Brock Bowers,9693.0,5,11604
Ja'Marr Chase,8979.0,6,7564
Puka Nacua,8812.0,7,9493
Amon-Ra St. Brown,8646.0,8,7547
Caleb Williams,8418.0,9,11560
Trey McBride,8357.0,10,8130
Ashton Jeanty,8296.0,11,12527
Jeremiyah Love,8234.0,12,13287
Justin Jefferson,8173.0,13,6794
Joe Burrow,8112.0,14,6770
Lamar Jackson,8051.0,15,4881
Brock Purdy,7050.0,16,8183
Trevor Lawrence,7011.0,17,7523
Chris Olave,6972.0,18,8144
CeeDee Lamb,6933.0,19,6786
Malik Nabers,6894.0,20,11632
Drake London,6855.0,21,8112
Patrick Mahomes,6816.0,22,4046
Jayden Daniels,6777.0,23,11566
Drake Maye,6738.0,24,11564
Kenneth Walker,6699.0,25,8151
Jalen Hurts,6659.0,26,6904
Jonathan Taylor,5747.0,27,6813
Breece Hall,5717.0,28,8155
Justin Herbert,5687.0,29,6797
Jaxson Dart,5657.0,30,12508
Nico Collins,5344.0,31,7569
Tyler Warren,5322.0,32,12518
Colston Loveland,5300.0,33,12517
James Cook,5277.0,34,8138
Omarion Hampton,5255.0,35,12507
Bo Nix,5233.0,36,11563
Zay Flowers,5211.0,37,9997
Garrett Wilson,5189.0,38,8146
De'Von Achane,4816.0,39,9226
Tetairoa McMillan,4805.0,40,12526
George Pickens,4795.0,41,8137
Bucky Irving,4784.0,42,11584
Carnell Tate,4774.0,43,13279
Ladd McConkey,4763.0,44,11635
Emeka Egbuka,4753.0,45,12514
Matthew Golden,4742.0,46,12501
Tyler Shough,4732.0,47,12545
Fernando Mendoza,4721.0,48,13269
Parker Washington,4711.0,49,9487
Makai Lemon,4700.0,50,13294
Chase Brown,4690.0,51,9224
Christian Watson,4680.0,52,8167
Harold Fannin,4669.0,53,12506
Dalton Kincaid,4659.0,54,10236
Sam LaPorta,4648.0,55,10859
Jordyn Tyson,4638.0,56,13281
Tucker Kraft,4627.0,57,9484
Jordan Love,4128.0,58,6804
TreVeyon Henderson,4118.0,59,12529
Cam Skattebo,4108.0,60,12481
KC Concepcion,4098.0,61,13298
Quinshon Judkins,4088.0,62,12512
Luther Burden,4079.0,63,12519
Kenyon Sadiq,4069.0,64,13330
DeVonta Smith,4059.0,65,7525
Kyren Williams,4049.0,66,8150
Dak Prescott,4039.0,67,3294
Jared Goff,4030.0,68,3163
Christian McCaffrey,4020.0,69,4034
Bhayshul Tuten,4010.0,70,12490
D'Andre Swift,4000.0,71,6790
Javonte Williams,3990.0,72,7588
Denzel Boston,3980.0,73,13346
Bryce Young,3971.0,74,9228
Tee Higgins,3539.0,75,6801
C.J. Stroud,3527.0,76,9758
Sam Darnold,3515.0,77,4943
Jaylen Waddle,3503.0,78,7526
Cam Ward,3491.0,79,12522
Baker Mayfield,3479.0,80,4892
Jadarian Price,3467.0,81,13286
Chuba Hubbard,3455.0,82,7594
Derrick Henry,3444.0,83,3198
Rashee Rice,3432.0,84,10229
Saquon Barkley,3420.0,85,4866
Jalen Coker,3089.0,86,11646
Alec Pierce,3083.0,87,8142
Rome Odunze,3076.0,88,11620
Jameson Williams,3070.0,89,8148
George Kittle,3063.0,90,4217
Isaiah Likely,3056.0,91,8131
Terrance Ferguson,3050.0,92,12487
Michael Penix,3043.0,93,11559
Daniel Jones,3036.0,94,5870
DJ Moore,3030.0,95,4983
A.J. Brown,3023.0,96,5859
Brian Thomas,3017.0,97,11631
Omar Cooper,3010.0,98,13276
De'Zhaun Stribling,3003.0,99,13417
Ty Simpson,2997.0,100,13275
Malik Willis,2990.0,101,8161
Matthew Stafford,2983.0,102,421
Michael Wilson,2697.0,103,10232
Jordan Addison,2692.0,104,9756
Josh Downs,2688.0,105,9500
Caleb Douglas,2684.0,106,13296
Marvin Harrison,2679.0,107,11628
Pat Bryant,2675.0,108,12492
Antonio Williams,2671.0,109,13301
RJ Harvey,2666.0,110,12489
David Montgomery,2662.0,111,5892
Blake Corum,2657.0,112,11586
Zach Charbonnet,2653.0,113,9753
Travis Etienne,2649.0,114,7543
Josh Jacobs,2644.0,115,5850
Jake Ferguson,2640.0,116,8110
Davante Adams,2636.0,117,2133
Eli Stowers,2631.0,118,13349
Emmett Johnson,2627.0,119,13337
Jonah Coleman,2623.0,120,13345
Kyle Pitts,2422.0,121,7553
Juwan Johnson,2418.0,122,7002
Kyler Murray,2414.0,123,5849
Devaughn Vele,2410.0,124,11834
Germie Bernard,2406.0,125,13274
Quentin Johnston,2402.0,126,9754
Wan'Dale Robinson,2398.0,127,8126
DK Metcalf,2394.0,128,5846
Kyle Monangai,2390.0,129,12534
Michael Pittman,2386.0,130,6819
Zachariah Branch,2382.0,131,13320
Jaylen Warren,2379.0,132,8228
Tre' Harris,2375.0,133,12509
J.J. McCarthy,2371.0,134,11565
Adonai Mitchell,2367.0,135,11625
Jacoby Brissett,2212.0,136,3257
Chris Bell,2209.0,137,13311
Mike Evans,2206.0,138,2216
Kaelon Black,2204.0,139,13414
Ja'Kobi Lane,2201.0,140,13293
Dallas Goedert,2198.0,141,5022
Courtland Sutton,2196.0,142,5045
Jacory Croskey-Merritt,2193.0,143,12533
Romeo Doubs,2190.0,144,8121
MarShawn Lloyd,2188.0,145,11581
Nicholas Singleton,2185.0,146,13288
Jayden Higgins,2182.0,147,12484
Brenton Strange,2180.0,148,9480
Stefon Diggs,2177.0,149,2449
Terry McLaurin,2175.0,150,5927
Chris Godwin,2172.0,151,4037
Xavier Worthy,2169.0,152,11624
T.J. Hockenson,2167.0,153,5844
Mark Andrews,2164.0,154,5012
Oronde Gadsden,2161.0,155,12493
Jakobi Meyers,2159.0,156,5947
Jonathon Brooks,2156.0,157,11583
AJ Barner,2153.0,158,11603
Rhamondre Stevenson,2151.0,159,7611
Dontayvion Wicks,2148.0,160,9486
Khalil Shakir,2145.0,161,8134
Carson Beck,2143.0,162,13272
Drew Allar,2140.0,163,13289
Michael Mayer,2137.0,164,9482
Gunnar Helm,2135.0,165,12502
Jordan Mason,2132.0,166,8408
Tony Pollard,2130.0,167,5967
Travis Kelce,2127.0,168,1466
Dalton Schultz,2124.0,169,5001
Eli Raridon,1898.0,170,13421
Geno Smith,1895.0,171,1373
Deshaun Watson,1893.0,172,4017
Mac Jones,1891.0,173,7527
Tua Tagovailoa,1889.0,174,6768
Kirk Cousins,1886.0,175,1166
Shedeur Sanders,1884.0,176,12524
Chig Okonkwo,1882.0,177,8210
Rashid Shaheed,1880.0,178,8676
Rachaad White,1877.0,179,8136
Aaron Jones,1875.0,180,4199
Jayden Reed,1873.0,181,10222
Elijah Sarratt,1871.0,182,13268
Jaylin Noel,1868.0,183,12536
Ricky Pearsall,1866.0,184,11638
Kenneth Gainwell,1864.0,185,7567
Rico Dowdle,1862.0,186,7021
Ted Hurst,1859.0,187,13317
Dylan Sampson,1857.0,188,12469
Braelon Allen,1855.0,189,11576
J.K. Dobbins,1853.0,190,6806
Oscar Delp,1850.0,191,13319
Hunter Henry,1848.0,192,3214
Keaton Mitchell,1846.0,193,9511
Mike Washington,1844.0,194,13305
David Njoku,1841.0,195,4033
Greg Dulcich,1839.0,196,8172
Pat Freiermuth,1837.0,197,7600
Brian Robinson,1835.0,198,8154
Malachi Fields,1668.0,199,13285
Tre Tucker,1665.0,200,10213
Woody Marks,1662.0,201,12474
Tank Dell,1660.0,202,9502
Ollie Gordon,1657.0,203,12495
Kaytron Allen,1654.0,204,13405
Tank Bigsby,1652.0,205,9225
Tyjae Spears,1649.0,206,9508
Chris Rodriguez,1646.0,207,10219
Malik Washington,1641.0,208,11610
Chris Brazzell,1572.0,209,13353
Deebo Samuel,1569.0,210,5872
Jalen McMillan,1566.0,211,11618
Jalen Nailor,1563.0,212,8180
Troy Franklin,1560.0,213,11627
Tory Horton,1558.0,214,12497
Aaron Rodgers,1555.0,215,96
Tyler Allgeier,1552.0,216,8132
Jack Bech,1544.0,217,12483
Tyrone Tracy,1479.0,218,11655
Keon Coleman,1476.0,219,11637
Rashod Bateman,1473.0,220,7571
Kayshon Boutte,1470.0,221,9504
Darren Waller,1467.0,222,2505
Cade Otton,1464.0,223,8111
Alvin Kamara,1462.0,224,4035
Kaleb Johnson,1459.0,225,12504
Marcus Mariota,1456.0,226,2307
Cyrus Allen,1453.0,227,13413
Isaac TeSlaa,1390.0,228,12535
Jaylen Wright,1387.0,229,11643
Tyreek Hill,1384.0,230,3321
Drew Lock,1381.0,231,5854
Mason Taylor,1378.0,232,12498
Elijah Arroyo,1375.0,233,12521
Evan Engram,1372.0,234,4066
Elic Ayomanor,1369.0,235,12499
Roman Wilson,1366.0,236,11630
Max Klare,1354.0,237,13278
Demond Claiborne,1350.0,238,13347
Xavier Hutchinson,1347.0,239,10218
Kendre Miller,1344.0,240,9757
Jameis Winston,1341.0,241,2306
Tyson Bagent,1338.0,242,11256
Cole Kmet,1335.0,243,6826
Skyler Bell,1332.0,244,13402
Mike Gesicki,1329.0,245,4993
Jerry Jeudy,1326.0,246,6783
Cade Klubnik,1166.0,247,13303
Emanuel Wilson,1163.0,248,11435
Adam Randall,1160.0,249,13302
Kyle Williams,1156.0,250,12547
George Holani,1153.0,251,12048
DeMario Douglas,1102.0,252,9501
Colby Parkinson,1098.0,253,6865
Zavion Thomas,1095.0,254,13411
Ryan Flournoy,1092.0,255,11783
Bryce Lance,1088.0,256,13420
Anthony Richardson,1057.0,257,9229
Darnell Washington,1055.0,258,9479
Jaylin Lane,1054.0,259,12641
Keenan Allen,1052.0,260,1479
Cooper Kupp,1050.0,261,4039
Jauan Jennings,1048.0,262,7049
Seth McGowan,1046.0,263,13424
Raheim Sanders,1044.0,264,12472
Tyquan Thornton,1042.0,265,8188
Jalen Milroe,1040.0,266,12510
Carson Wentz,1001.0,267,3161
Kevin Coleman,999.0,268,13338
Kimani Vidal,997.0,269,11647
Sean Tucker,996.0,270,9506
Tez Johnson,994.0,271,12485
Ray Davis,992.0,272,11575
Isiah Pacheco,990.0,273,8205
Chimere Dike,988.0,274,12540
Zach Ertz,986.0,275,1339
Darnell Mooney,985.0,276,7090
Theo Johnson,983.0,277,11597
Matt Hibner,981.0,278,13324
Luke Musgrave,979.0,279,9481
Jordan James,977.0,280,12467
Trevor Etienne,922.0,281,12531
Travis Hunter,921.0,282,12530
Brandon Aiyuk,919.0,283,6803
Marvin Mims,917.0,284,9494
Chris Brooks,915.0,285,11370
Xavier Legette,914.0,286,11626
Mack Hollins,912.0,287,4177
Jake Tonges,910.0,288,8698
Noah Fant,909.0,289,5857
Devin Singletary,907.0,290,6130
Kalif Raymond,905.0,291,3634
Eli Heidenreich,904.0,292,13423
Dawson Knox,902.0,293,5906
LeQuint Allen,900.0,294,12544
Marlin Klein,899.0,295,13307
Justice Hill,897.0,296,5995
Justin Fields,895.0,297,7591
Justin Joly,893.0,298,13400
Isaiah Bond,892.0,299,12503
Najee Harris,821.0,300,7528
Kendrick Bourne,819.0,301,4454
Jalen Royals,818.0,302,12505
Trey Benson,816.0,303,11589
Joshua Palmer,815.0,304,7670
Isaiah Davis,813.0,305,11571
Barion Brown,812.0,306,13533
Malik Benson,810.0,307,13329
Brenen Thompson,808.0,308,13380
Jahan Dotson,807.0,309,8119
Josh Cameron,805.0,310,13394
Christian Kirk,804.0,311,4950
Calvin Ridley,802.0,312,4981
Sione Vaki,801.0,313,11729
Malik Davis,799.0,314,8800
Charlie Kolar,798.0,315,8127
DJ Giddens,796.0,316,12471
Taylen Green,794.0,317,13306
Joe Milton,793.0,318,11557
Ja'Tavion Sanders,791.0,319,11600
Jack Endries,790.0,320,13282
Cade Stover,788.0,321,11599
Emari Demercado,787.0,322,11199
Noah Gray,785.0,323,7828
Mitchell Evans,783.0,324,12473
Ben Sinnott,782.0,325,11596
Tyler Higbee,691.0,326,3271
Will Shipley,690.0,327,11577
Devontez Walker,688.0,328,11629
Will Howard,687.0,329,12511
Erick All,685.0,330,11592
Roschon Johnson,684.0,331,10235
Dont'e Thornton,683.0,332,12541
Quinn Ewers,681.0,333,12500
Garrett Nussmeier,680.0,334,13404
Michael Trigg,678.0,335,13401
James Conner,677.0,336,4137
Brashard Smith,676.0,337,12455
Tanner Koziol,640.0,338,13408
Treylon Burks,639.0,339,8135
Deion Burks,637.0,340,13333
Tahj Brooks,636.0,341,12543
Savion Williams,635.0,342,12482
Luke Schoonmaker,634.0,343,10871
Sam Roush,632.0,344,13322
Andrei Iosivas,631.0,345,10226
Konata Mumpfield,630.0,346,12718
Tommy Tremble,629.0,347,7694
Jaydon Blue,603.0,348,12457
John Metchie,601.0,349,8147
Tutu Atwell,600.0,350,7562
Daniel Bellinger,599.0,351,8225
Samaje Perine,598.0,352,4147
Riley Leonard,596.0,353,12470
Jordan Whittington,595.0,354,11623
Jonnu Smith,594.0,355,4144
Elijah Higgins,593.0,356,10231
Jarquez Hunter,569.0,357,11569
Luke McCaffrey,568.0,358,11650
Cedric Tillman,567.0,359,10444
Dillon Gabriel,566.0,360,12486
Davis Mills,565.0,361,7585
Joe Flacco,564.0,362,19
CJ Daniels,562.0,363,13270
Olamide Zaccheaus,561.0,364,6271
Jalen Tolbert,560.0,365,8117
J'Mari Taylor,559.0,366,13348
Kameron Johnson,558.0,367,11994
Devin Neal,557.0,368,12476
Will Kacmarek,556.0,369,13434
Davis Allen,555.0,370,10214
Demarcus Robinson,554.0,371,3286
Jordan Watkins,552.0,372,12634
Spencer Rattler,551.0,373,11562
Dyami Brown,550.0,374,7587
Tai Felton,549.0,375,12496
Jared Wiley,548.0,376,11595
Trey Palmer,547.0,377,9492
Audric Estime,546.0,378,11579
Tanner McKee,545.0,379,9230
Skyy Moore,488.0,380,8168
Brevin Jordan,487.0,381,7568
Malachi Corley,486.0,382,11617
Brock Wright,485.0,383,7891
Isaac Guerendo,484.0,384,11651
Ty Johnson,482.0,385,6039
KeAndre Lambert-Smith,481.0,386,12670
Jacob Cowing,480.0,387,11616
Marquise Brown,479.0,388,5848
Jimmy Horn,478.0,389,12523
Greg Dortch,477.0,390,5970
Rasheen Ali,476.0,391,11570
Jonathan Mingo,475.0,392,10225
Calvin Austin,474.0,393,8125
Tyler Huntley,473.0,394,7083
Elijah Moore,472.0,395,7596
Sam Howell,471.0,396,8162
Jaleel McLaughlin,470.0,397,11439
Jalin Hyatt,469.0,398,9497
Trey Lance,468.0,399,7610
Gardner Minshew,467.0,400,6011
Xavier Restrepo,466.0,401,12520
Tyler Badie,465.0,402,8208
Efton Chism,413.0,403,12542
KaVontae Turpin,412.0,404,8917
Gabe Davis,411.0,405,6943
AJ Dillon,410.0,406,6828
David Bell,408.0,407,8118
Tyler Goodson,407.0,408,8207
Darius Slayton,406.0,409,6149
Frank Gore,405.0,410,11573
Kalel Mullings,404.0,411,12516
Jeremy Ruckert,403.0,412,8145
Dameon Pierce,402.0,413,8129
Bo Melton,401.0,414,8204
Foster Moreau,400.0,415,5985
Kyle McCord,399.0,416,12494
Jerome Ford,398.0,417,8143
Javon Baker,397.0,418,11645
Will Levis,396.0,419,9999
Kenny Pickett,395.0,420,8160
Mason Tipton,354.0,421,11895
Khalil Herbert,352.0,422,7608
Adam Trautman,351.0,423,6869
Phil Mafah,349.0,424,12738
Israel Abanikanda,347.0,425,9227
Jam Miller,346.0,426,13403
Xavier Gipson,344.0,427,11306
Michael Carter,321.0,428,7607
Grant Calcaterra,320.0,429,8177
Austin Hooper,318.0,430,3202
Josh Oliver,317.0,431,5973
Thomas Fidone,315.0,432,12715
Will Dissly,313.0,433,5010
Tyrod Taylor,312.0,434,827
Kendall Milton,310.0,435,11649
Nick Westbrook-Ikhine,309.0,436,7496
Brandin Cooks,307.0,437,2197
Arian Smith,306.0,438,12539
Tyler Conklin,270.0,439,5133
Hunter Long,268.0,440,7535
Cole Payton,267.0,441,13335
Harrison Bryant,265.0,442,6850
Isaiah Hodgins,263.0,443,6920
Tyrell Shavers,262.0,444,11377
LaJohntay Wester,260.0,445,12699
Damien Martinez,259.0,446,12462
Jake Bobo,257.0,447,10867
Lil'Jordan Humphrey,228.0,448,5938
Julius Chestnut,226.0,449,8254
Dylan Laube,224.0,450,11574
Tahj Washington,222.0,451,11821
Donovan Edwards,221.0,452,12515
Bub Means,204.0,453,11748
Tyler Scott,202.0,454,9490
Derius Davis,201.0,455,10234
Jawhar Jordan,199.0,456,11588
Alexander Mattison,197.0,457,5987
Zavier Scott,181.0,458,11299
Johnny Wilson,179.0,459,11636
Zach Wilson,177.0,460,7538
Joe Mixon,176.0,461,4018
Aidan O'Connell,174.0,462,10866
Jamari Thrash,157.0,463,11633
Zamir White,156.0,464,8139
Elijah Mitchell,154.0,465,7561
Kenny McIntosh,152.0,466,10216
Devin Duvernay,150.0,467,6847
Ray-Ray McCloud,134.0,468,5096
Tyler Johnson,133.0,469,6960
Zay Jones,132.0,470,4080
Ja'Lynn Polk,131.0,471,11619
Mecole Hardman,129.0,472,5917
Josh Reynolds,119.0,473,4171
Nathan Carter,118.0,474,12897
Hassan Haskins,118.0,474,8123
Deuce Vaughn,118.0,474,9505
Terrell Jennings,118.0,474,12412
Jeremy McNichols,118.0,474,4219
Jake Browning,117.0,479,6111
Brenden Rice,117.0,479,11621
Curtis Samuel,117.0,479,4082
Tyler Lockett,117.0,479,2374
Nick Chubb,117.0,479,4988
Ty Chandler,116.0,484,8230
Jermaine Burton,116.0,484,11640
Cam Akers,116.0,484,6938
JuJu Smith-Schuster,109.0,487,4040
Sterling Shepard,109.0,487,3200
Ainias Smith,109.0,487,11615
Kareem Hunt,109.0,487,4098
Van Jefferson,108.0,491,6853
Miles Sanders,108.0,491,6151
Antonio Gibson,108.0,491,6945
DeAndre Hopkins,108.0,491,1426
Mason Rudolph,108.0,491,4972
Jeff Caldwell,107.0,496,13392
