name,value,rank,player_id,position
2027 Early 1st,7053.0,,1702,RDP
2027 Early 2nd,3890.0,,1705,RDP
2027 Early 3rd,2632.0,,1708,RDP
2027 Early 4th,2013.0,,1711,RDP
2027 Late 1st,5014.0,,1704,RDP
2027 Late 2nd,3252.0,,1707,RDP
2027 Late 3rd,2350.0,,1710,RDP
2027 Late 4th,1763.0,,1713,RDP
2027 Mid 1st,5749.0,,1703,RDP
2027 Mid 2nd,3541.0,,1706,RDP
2027 Mid 3rd,2480.0,,1709,RDP
2027 Mid 4th,1845.0,,1712,RDP
2028 Early 1st,5458.0,,1882,RDP
2028 Early 2nd,3292.0,,1885,RDP
2028 Early 3rd,2353.0,,1888,RDP
2028 Early 4th,1755.0,,1891,RDP
2028 Late 1st,4228.0,,1884,RDP
2028 Late 2nd,2934.0,,1887,RDP
2028 Late 3rd,2203.0,,1890,RDP
2028 Late 4th,1438.0,,1893,RDP
2028 Mid 1st,4657.0,,1883,RDP
2028 Mid 2nd,3167.0,,1886,RDP
2028 Mid 3rd,2302.0,,1889,RDP
2028 Mid 4th,1636.0,,1892,RDP
2029 Early 1st,4581.0,,2126,RDP
2029 Early 2nd,2966.0,,2129,RDP
2029 Early 3rd,2263.0,,2132,RDP
2029 Early 4th,1544.0,,2135,RDP
2029 Late 1st,3742.0,,2128,RDP
2029 Late 2nd,2554.0,,2131,RDP
2029 Late 3rd,1902.0,,2134,RDP
2029 Late 4th,1203.0,,2137,RDP
2029 Mid 1st,4058.0,,2127,RDP
2029 Mid 2nd,2753.0,,2130,RDP
2029 Mid 3rd,2022.0,,2133,RDP
2029 Mid 4th,1386.0,,2136,RDP
A.J. Brown,4603.0,78.0,217,WR
Aaron Jones,2664.0,182.0,301,RB
Aaron Rodgers,1875.0,284.0,235,QB
Adam Randall,1971.0,266.0,2026,RB
Adam Trautman,1003.0,401.0,566,TE
Adonai Mitchell,3063.0,147.0,1597,WR
Aidan O'Connell,460.0,506.0,1412,QB
AJ Barner,3276.0,125.0,1629,TE
AJ Dillon,696.0,485.0,631,RB
Alec Pierce,3432.0,117.0,1285,WR
Alvin Kamara,1914.0,278.0,282,RB
Amon-Ra St. Brown,8271.0,8.0,1010,WR
Andrei Iosivas,1495.0,334.0,1422,WR
Anthony Richardson,1873.0,285.0,1405,QB
Antonio Williams,3260.0,126.0,1974,WR
Arian Smith,836.0,464.0,1815,WR
Ashton Jeanty,7680.0,12.0,1742,RB
Audric Estime,1294.0,359.0,1566,RB
Baker Mayfield,4056.0,90.0,215,QB
Bam Knight,875.0,453.0,1186,RB
Barion Brown,1682.0,307.0,2003,WR
Ben Sinnott,2060.0,249.0,1615,TE
Bhayshul Tuten,4442.0,82.0,1752,RB
Bijan Robinson,9990.0,4.0,1414,RB
Blake Corum,3654.0,103.0,1564,RB
Bo Melton,868.0,457.0,1244,WR
Bo Nix,5438.0,51.0,1553,QB
Braelon Allen,2748.0,173.0,1567,RB
Brandon Aiyuk,717.0,483.0,538,WR
Brashard Smith,1644.0,311.0,1749,RB
Breece Hall,5653.0,45.0,1224,RB
Brenen Thompson,1616.0,317.0,1991,WR
Brenton Strange,3566.0,107.0,1461,TE
Brevin Jordan,1382.0,346.0,1052,TE
Brian Robinson,2369.0,216.0,1232,RB
Brian Thomas Jr.,3781.0,95.0,1589,WR
Brock Bowers,9114.0,7.0,1612,TE
Brock Purdy,6477.0,26.0,1214,QB
Brock Wright,1363.0,349.0,1162,TE
Bryce Lance,2030.0,255.0,1981,WR
Bryce Young,5231.0,54.0,1456,QB
Bub Means,484.0,503.0,1634,WR
Bucky Irving,5038.0,57.0,1569,RB
C.J. Stroud,4565.0,80.0,1403,QB
Cade Klubnik,2024.0,256.0,1929,QB
Cade Otton,2873.0,161.0,1261,TE
Cade Stover,1767.0,298.0,1613,TE
Caleb Douglas,3215.0,132.0,2016,WR
Caleb Williams,7874.0,10.0,1550,QB
Calvin Austin III,1098.0,390.0,1262,WR
Calvin Ridley,1338.0,351.0,293,WR
Cam Skattebo,4761.0,71.0,1745,RB
Cam Ward,3962.0,91.0,1730,QB
Carnell Tate,5017.0,59.0,1959,WR
Carson Beck,2625.0,187.0,1928,QB
Carson Wentz,1778.0,295.0,258,QB
Cedric Tillman,1240.0,367.0,1444,WR
CeeDee Lamb,7325.0,15.0,546,WR
Charlie Kolar,1929.0,272.0,1254,TE
Chase Brown,5920.0,36.0,1396,RB
Chigoziem Okonkwo,2947.0,153.0,1320,TE
Chimere Dike,1982.0,259.0,1814,WR
Chris Bell,3119.0,142.0,1968,WR
Chris Brazzell II,2101.0,241.0,1971,WR
Chris Brooks,1822.0,288.0,1490,RB
Chris Godwin,2890.0,159.0,299,WR
Chris Olave,6457.0,28.0,1271,WR
Chris Rodriguez,2325.0,224.0,1389,RB
Christian Kirk,1576.0,325.0,221,WR
Christian McCaffrey,5571.0,47.0,283,RB
Christian Watson,4972.0,61.0,1248,WR
Chuba Hubbard,3738.0,98.0,1014,RB
CJ Daniels,1195.0,377.0,1966,WR
Colbie Young,1330.0,354.0,2004,WR
Colby Parkinson,2594.0,195.0,565,TE
Cole Kmet,2705.0,177.0,569,TE
Cole Payton,690.0,486.0,2027,QB
Colston Loveland,6630.0,23.0,1804,TE
Cooper Kupp,1677.0,308.0,310,WR
Courtland Sutton,2745.0,174.0,226,WR
Cyrus Allen,2477.0,207.0,1980,WR
D'Andre Swift,4768.0,70.0,639,RB
D.J. Moore,3812.0,94.0,304,WR
Dak Prescott,5373.0,52.0,371,QB
Dallas Goedert,3504.0,113.0,382,TE
Dalton Kincaid,5530.0,48.0,1428,TE
Dalton Schultz,3389.0,120.0,487,TE
Dameon Pierce,889.0,446.0,1207,RB
Damien Martinez,729.0,482.0,1754,RB
Daniel Bellinger,1761.0,300.0,1322,TE
Daniel Jones,3526.0,111.0,87,QB
Darius Slayton,872.0,455.0,77,WR
Darnell Mooney,1768.0,297.0,911,WR
Darnell Washington,2454.0,209.0,1431,TE
Darren Waller,2212.0,232.0,349,TE
Davante Adams,3743.0,97.0,277,WR
David Bell,914.0,433.0,1275,WR
David Montgomery,3676.0,101.0,288,RB
David Njoku,2520.0,202.0,252,TE
Davis Allen,1411.0,340.0,1434,TE
Davis Mills,1068.0,393.0,1029,QB
Dawson Knox,2401.0,211.0,88,TE
De'Von Achane,6418.0,30.0,1398,RB
De'Zhaun Stribling,3498.0,114.0,1976,WR
Deebo Samuel,2780.0,170.0,383,WR
Deion Burks,1356.0,350.0,1972,WR
Demarcus Robinson,897.0,441.0,52,WR
Demario Douglas,2089.0,242.0,1468,WR
Demond Claiborne,2238.0,231.0,1943,RB
Denzel Boston,4462.0,81.0,1962,WR
Derius Davis,494.0,500.0,1473,WR
Derrick Henry,4971.0,62.0,296,RB
Deshaun Watson,1885.0,283.0,261,QB
Devaughn Vele,2732.0,175.0,1643,WR
Devin Neal,1070.0,392.0,1746,RB
Devin Singletary,1552.0,329.0,238,RB
DeVonta Smith,5764.0,41.0,1005,WR
Devontez Walker,1488.0,335.0,1592,WR
Dillon Gabriel,1186.0,378.0,1737,QB
DJ Giddens,1701.0,305.0,1760,RB
DK Metcalf,3113.0,143.0,224,WR
Dohnte Meyers,552.0,496.0,2070,WR
Donovan Edwards,639.0,492.0,1757,RB
Dont'e Thornton,1745.0,302.0,1787,WR
Dontayvion Wicks,3018.0,150.0,1448,WR
Drake London,6478.0,25.0,1268,WR
Drake Maye,7355.0,14.0,1551,QB
Drew Allar,2384.0,213.0,1930,QB
Drew Lock,2340.0,223.0,33,QB
Dyami Brown,1226.0,370.0,1069,WR
Dylan Laube,535.0,497.0,1584,RB
Dylan Sampson,2377.0,215.0,1747,RB
Efton Chism,990.0,406.0,1838,WR
Eli Heidenreich,1631.0,314.0,2036,RB
Eli Raridon,3205.0,135.0,2018,TE
Eli Stowers,3540.0,107.0,2006,TE
Elic Ayomanor,2310.0,227.0,1773,WR
Elijah Arroyo,2805.0,165.0,1808,TE
Elijah Higgins,1522.0,330.0,1469,TE
Elijah Moore,1109.0,389.0,1012,WR
Elijah Sarratt,2356.0,220.0,1967,WR
Emanuel Wilson,1896.0,282.0,1515,RB
Emari Demercado,1467.0,336.0,1481,RB
Emeka Egbuka,5711.0,43.0,1781,WR
Emmett Johnson,3130.0,141.0,1936,RB
Erick All,1913.0,279.0,1616,TE
Evan Engram,2692.0,178.0,229,TE
Fernando Mendoza,5215.0,55.0,1924,QB
Foster Moreau,1012.0,399.0,179,TE
Frank Gore Jr.,903.0,437.0,1570,RB
Gabriel Davis,949.0,426.0,533,WR
Gardner Minshew,854.0,463.0,47,QB
Garrett Nussmeier,1376.0,347.0,1927,QB
Garrett Wilson,5896.0,38.0,1270,WR
Geno Smith,2359.0,218.0,671,QB
George Holani,1930.0,271.0,1579,RB
George Kittle,4361.0,84.0,298,TE
George Pickens,5933.0,35.0,1279,WR
Germie Bernard,2848.0,164.0,1965,WR
Greg Dortch,1117.0,388.0,10,WR
Greg Dulcich,2580.0,196.0,1256,TE
Gunnar Helm,2931.0,155.0,1805,TE
Harold Fannin,5258.0,53.0,1803,TE
Hunter Henry,3046.0,148.0,212,TE
Isaac Guerendo,1170.0,382.0,1626,RB
Isaac TeSlaa,2317.0,225.0,1813,WR
Isaiah Bond,1745.0,301.0,1776,WR
Isaiah Davis,1726.0,303.0,1635,RB
Isaiah Hodgins,663.0,487.0,561,WR
Isaiah Likely,5078.0,56.0,1257,TE
Isiah Pacheco,1684.0,306.0,1266,RB
Israel Abanikanda,822.0,469.0,1383,RB
J'Mari Taylor,1146.0,385.0,1949,RB
J.J. McCarthy,1992.0,257.0,1555,QB
J.K. Dobbins,2803.0,167.0,636,RB
Ja'Kobi Lane,3220.0,131.0,1979,WR
Ja'Marr Chase,9393.0,5.0,1004,WR
Ja'Tavion Sanders,2147.0,237.0,1614,TE
Jack Bech,2347.0,222.0,1778,WR
Jack Endries,1775.0,296.0,2007,TE
Jack Strand,1321.0,355.0,2065,QB
Jacob Cowing,1196.0,376.0,1611,WR
Jacob Saylors,1251.0,365.0,1681,RB
Jacoby Brissett,2612.0,192.0,20,QB
Jacory Croskey-Merritt,3140.0,139.0,1832,RB
Jadarian Price,4983.0,60.0,1935,RB
Jahan Dotson,1596.0,321.0,1272,WR
Jahdae Walker,1417.0,339.0,1904,WR
Jahmyr Gibbs,9999.0,1.0,1415,RB
Jake Bobo,607.0,493.0,1488,WR
Jake Ferguson,3917.0,93.0,1258,TE
Jake Tonges,2305.0,229.0,1356,TE
Jakobi Meyers,2623.0,188.0,13,WR
Jaleel McLaughlin,1062.0,395.0,1486,RB
Jalen Coker,4573.0,79.0,1653,WR
Jalen Hurts,6289.0,31.0,595,QB
Jalen McMillan,2645.0,184.0,1599,WR
Jalen Milroe,1987.0,258.0,1733,QB
Jalen Nailor,2074.0,245.0,1245,WR
Jalen Royals,1795.0,293.0,1786,WR
Jalen Tolbert,1389.0,343.0,1247,WR
Jalin Hyatt,1062.0,394.0,1399,WR
Jalon Daniels,1796.0,292.0,1931,QB
Jam Miller,643.0,490.0,1948,RB
Jameis Winston,2141.0,238.0,413,QB
James Conner,1248.0,366.0,268,RB
James Cook,6594.0,24.0,1231,RB
Jameson Williams,4306.0,86.0,1273,WR
Jared Goff,4636.0,76.0,388,QB
Jared Wiley,1393.0,342.0,1619,TE
Jarquez Hunter,1276.0,360.0,1764,RB
Jauan Jennings,1923.0,275.0,576,WR
Javon Baker,856.0,462.0,1608,WR
Javonte Williams,4878.0,69.0,1033,RB
Jawhar Jordan,472.0,504.0,1641,RB
Jaxon Smith-Njigba,9999.0,2.0,1437,WR
Jaxson Dart,5500.0,50.0,1732,QB
Jayden Daniels,5954.0,34.0,1552,QB
Jayden Higgins,3082.0,145.0,1783,WR
Jayden Reed,2850.0,162.0,1419,WR
Jaydon Blue,1264.0,363.0,1769,RB
Jaylen Waddle,4896.0,68.0,1007,WR
Jaylen Warren,3208.0,134.0,1201,RB
Jaylen Wright,2053.0,251.0,1581,RB
Jaylin Lane,1974.0,264.0,1816,WR
Jaylin Noel,2480.0,205.0,1780,WR
Jeremiyah Love,7082.0,17.0,1934,RB
Jeremy Ruckert,1024.0,398.0,1255,TE
Jerome Ford,903.0,438.0,1229,RB
Jerry Jeudy,1961.0,268.0,545,WR
Jimmy Horn,1163.0,384.0,1824,WR
Joe Burrow,7105.0,16.0,601,QB
Joe Flacco,817.0,471.0,722,QB
Joe Milton,1465.0,337.0,1556,QB
Joe Mixon,459.0,511.0,273,RB
John Metchie,1274.0,362.0,1276,WR
Johnny Wilson,492.0,501.0,1596,WR
Jonah Coleman,3523.0,112.0,1939,RB
Jonathan Mingo,1094.0,391.0,1450,WR
Jonathan Taylor,6836.0,21.0,634,RB
Jonathon Brooks,2986.0,151.0,1568,RB
Jonnu Smith,1594.0,322.0,84,TE
Jordan Addison,3404.0,119.0,1420,WR
Jordan James,1925.0,273.0,1755,RB
Jordan Love,4943.0,66.0,596,QB
Jordan Mason,2802.0,168.0,1330,RB
Jordan Watkins,1213.0,375.0,1817,WR
Jordan Whittington,1332.0,353.0,1604,WR
Jordyn Tyson,4761.0,72.0,1960,WR
Josh Allen,9999.0,3.0,365,QB
Josh Cameron,1218.0,372.0,1989,WR
Josh Downs,3658.0,102.0,1440,WR
Josh Jacobs,3076.0,146.0,303,RB
Joshua Palmer,1795.0,294.0,1065,WR
Julius Chestnut,519.0,498.0,1325,RB
Justice Hill,1552.0,328.0,368,RB
Justin Fields,1554.0,327.0,1015,QB
Justin Herbert,5839.0,39.0,599,QB
Justin Jefferson,7539.0,13.0,542,WR
Justin Joly,2062.0,246.0,2010,TE
Juwan Johnson,3606.0,104.0,575,TE
Kaelon Black,3232.0,129.0,1947,RB
Kaleb Johnson,2310.0,226.0,1748,RB
Kalel Mullings,903.0,436.0,1750,RB
Kalif Raymond,1181.0,380.0,822,WR
Kameron Johnson,1262.0,364.0,1701,WR
KaVontae Turpin,921.0,431.0,1336,WR
Kayshon Boutte,2601.0,194.0,1446,WR
Kaytron Allen,2379.0,214.0,1940,RB
KC Concepcion,4279.0,87.0,1963,WR
KeAndre Lambert-Smith,1226.0,369.0,1818,WR
Keaton Mitchell,2484.0,204.0,1393,RB
Keenan Allen,1604.0,318.0,265,WR
Kendall Milton,804.0,476.0,1577,RB
Kendre Miller,2132.0,239.0,1386,RB
Kendrick Bourne,1587.0,323.0,153,WR
Kenneth Gainwell,2608.0,193.0,1032,RB
Kenneth Walker III,7006.0,18.0,1227,RB
Kenny Pickett,825.0,468.0,1208,QB
Kenyon Sadiq,4718.0,73.0,2005,TE
Keon Coleman,2622.0,189.0,1588,WR
Kevin Coleman,2177.0,235.0,1990,WR
Khalil Herbert,831.0,465.0,994,RB
Khalil Shakir,2933.0,154.0,1278,WR
Kimani Vidal,2031.0,254.0,1636,RB
Kirk Cousins,2388.0,212.0,396,QB
Konata Mumpfield,1315.0,357.0,1830,WR
Kyle McCord,760.0,479.0,1738,QB
Kyle Monangai,3490.0,115.0,1766,RB
Kyle Pitts,4347.0,85.0,1051,TE
Kyle Williams,2072.0,246.0,1812,WR
Kyler Murray,3470.0,116.0,379,QB
Kyren Williams,4965.0,64.0,1226,RB
Ladd McConkey,5576.0,46.0,1598,WR
LaJohntay Wester,604.0,494.0,1823,WR
Lamar Jackson,7766.0,11.0,372,QB
Le'Veon Moss,829.0,466.0,1941,RB
LeQuint Allen,1919.0,276.0,1761,RB
Lil'Jordan Humphrey,564.0,495.0,177,WR
Luke McCaffrey,1310.0,358.0,1606,WR
Luke Musgrave,1980.0,260.0,1430,TE
Luke Schoonmaker,1604.0,319.0,1382,TE
Luther Burden,4907.0,67.0,1770,WR
Mac Jones,2368.0,217.0,1018,QB
Mack Hollins,1441.0,338.0,767,WR
Makai Lemon,4143.0,89.0,1961,WR
Malachi Corley,1165.0,383.0,1607,WR
Malachi Fields,3146.0,138.0,1973,WR
Malik Benson,1620.0,316.0,2040,WR
Malik Davis,1666.0,310.0,1197,RB
Malik Heath,485.0,502.0,1502,WR
Malik Nabers,6967.0,19.0,1586,WR
Malik Washington,2630.0,185.0,1623,WR
Malik Willis,3383.0,121.0,1210,QB
Marcus Mariota,2179.0,234.0,23,QB
Mark Andrews,3380.0,122.0,366,TE
Marlin Klein,1924.0,274.0,2015,TE
Marquise Brown,1183.0,379.0,311,WR
MarShawn Lloyd,2529.0,200.0,1575,RB
Marvin Harrison Jr.,3540.0,109.0,1585,WR
Marvin Mims,1915.0,277.0,1442,WR
Mason Taylor,2804.0,166.0,1806,TE
Mason Tipton,865.0,459.0,1686,WR
Matthew Golden,4397.0,83.0,1775,WR
Matthew Hibner,1902.0,281.0,2020,TE
Matthew Stafford,3595.0,106.0,356,QB
Max Klare,2767.0,171.0,2009,TE
Michael Carter,807.0,474.0,1035,RB
Michael Mayer,3276.0,123.0,1427,TE
Michael Penix Jr.,3088.0,144.0,1554,QB
Michael Pittman,2883.0,160.0,536,WR
Michael Trigg,1597.0,320.0,2008,TE
Michael Wilson,3717.0,100.0,1421,WR
Mike Evans,3432.0,118.0,275,WR
Mike Gesicki,2356.0,218.0,330,TE
Mike Washington Jr.,2948.0,152.0,1944,RB
Mitchell Evans,1720.0,304.0,1809,TE
Najee Harris,1496.0,333.0,1031,RB
Nicholas Singleton,2617.0,190.0,1938,RB
Nick Westbrook-Ikhine,814.0,472.0,950,WR
Nico Collins,5755.0,42.0,1040,WR
Noah Fant,2055.0,250.0,243,TE
Noah Gray,1979.0,260.0,1059,TE
Odell Beckham,459.0,508.0,279,WR
Olamide Zaccheaus,1223.0,371.0,609,WR
Ollie Gordon,1964.0,267.0,1759,RB
Omar Cooper Jr.,3255.0,127.0,1964,WR
Omarion Hampton,6463.0,27.0,1744,RB
Oronde Gadsden,3720.0,99.0,1799,TE
Oscar Delp,2682.0,178.0,2013,TE
Parker Washington,5787.0,40.0,1445,WR
Pat Bryant,2900.0,158.0,1782,WR
Pat Freiermuth,3133.0,140.0,1053,TE
Patrick Mahomes,6453.0,29.0,272,QB
Phil Mafah,829.0,467.0,1763,RB
Puka Nacua,7908.0,9.0,1426,WR
Quentin Johnston,3032.0,149.0,1441,WR
Quinn Ewers,1383.0,345.0,1734,QB
Quinshon Judkins,4664.0,75.0,1751,RB
Rachaad White,2615.0,191.0,1180,RB
Raheim Sanders,1837.0,287.0,1762,RB
Rashee Rice,4681.0,74.0,1447,WR
Rasheen Ali,1126.0,387.0,1631,RB
Rashid Shaheed,2543.0,199.0,1360,WR
Rashod Bateman,2478.0,206.0,1070,WR
Ray Davis,1941.0,269.0,1574,RB
Reggie Virgil,822.0,470.0,1988,WR
Rhamondre Stevenson,3169.0,137.0,1036,RB
Ricky Pearsall,2553.0,198.0,1593,WR
Rico Dowdle,2714.0,176.0,555,RB
Riley Leonard,1316.0,356.0,1735,QB
RJ Harvey,3212.0,133.0,1768,RB
Roman Wilson,2076.0,244.0,1600,WR
Rome Odunze,4625.0,77.0,1587,WR
Romeo Doubs,2850.0,163.0,1238,WR
Roschon Johnson,1497.0,332.0,1390,RB
Ryan Flournoy,2081.0,243.0,1642,WR
Sam Darnold,4183.0,88.0,331,QB
Sam Howell,881.0,449.0,1209,QB
Sam LaPorta,5500.0,48.0,1429,TE
Sam Roush,1632.0,313.0,2011,TE
Samaje Perine,1042.0,396.0,785,RB
Saquon Barkley,4959.0,65.0,1,RB
Savion Williams,1366.0,348.0,1796,WR
Sean Tucker,1978.0,263.0,1400,RB
Seth McGowan,1908.0,280.0,1937,RB
Shedeur Sanders,2352.0,221.0,1731,QB
Sione Vaki,1398.0,341.0,1627,RB
Skyler Bell,2123.0,240.0,1970,WR
Skyy Moore,1030.0,397.0,1283,WR
Spencer Rattler,1217.0,373.0,1557,QB
Stefon Diggs,2923.0,156.0,262,WR
Stetson Bennett,751.0,480.0,1406,QB
T.J. Hockenson,3344.0,123.0,247,TE
Tahj Brooks,1385.0,344.0,1758,RB
Tahj Washington,644.0,489.0,1644,WR
Tai Felton,1216.0,374.0,1797,WR
Tank Bigsby,2682.0,180.0,1401,RB
Tank Dell,2307.0,228.0,1438,WR
Tanner Koziol,1621.0,315.0,2022,TE
Tanner McKee,897.0,442.0,1218,QB
Taylen Green,1585.0,324.0,2029,QB
Ted Hurst,2653.0,183.0,1982,WR
Tee Higgins,4966.0,63.0,543,WR
Terrance Ferguson,3961.0,92.0,1807,TE
Terry McLaurin,3172.0,136.0,328,WR
Tetairoa McMillan,6130.0,32.0,1771,WR
Tez Johnson,1979.0,262.0,1779,WR
Theo Johnson,2467.0,208.0,1620,TE
Thomas Fidone,978.0,415.0,1827,TE
Tommy Tremble,1812.0,290.0,1054,TE
Tony Pollard,2625.0,186.0,344,RB
Tory Horton,2166.0,236.0,1798,WR
Travis Etienne,3748.0,96.0,1030,RB
Travis Hunter,2428.0,210.0,1774,WR
Travis Kelce,3598.0,105.0,264,TE
Tre Harris,2575.0,197.0,1772,WR
Tre Tucker,2801.0,169.0,1460,WR
TreVeyon Henderson,5028.0,58.0,1743,RB
Trevor Etienne,1845.0,286.0,1756,RB
Trevor Lawrence,6687.0,22.0,1094,QB
Trey Benson,1562.0,326.0,1565,RB
Trey Lance,873.0,454.0,1017,QB
Trey McBride,9195.0,6.0,1253,TE
Trey Palmer,1229.0,368.0,1452,WR
Treylon Burks,1275.0,361.0,1269,WR
Troy Franklin,2288.0,230.0,1590,WR
Tua Tagovailoa,1935.0,270.0,600,QB
Tucker Kraft,5917.0,37.0,1418,TE
Tutu Atwell,1333.0,352.0,1078,WR
Ty Johnson,1173.0,381.0,6,RB
Ty Simpson,3528.0,110.0,1925,QB
Tyjae Spears,2523.0,201.0,1417,RB
Tyler Allgeier,2678.0,181.0,1228,RB
Tyler Badie,895.0,444.0,1206,RB
Tyler Goodson,894.0,445.0,1189,RB
Tyler Higbee,1760.0,300.0,159,TE
Tyler Huntley,1128.0,386.0,618,QB
Tyler Scott,513.0,499.0,1436,WR
Tyler Shough,5680.0,44.0,1739,QB
Tyler Warren,6917.0,20.0,1802,TE
Tyquan Thornton,2062.0,248.0,1246,WR
Tyreek Hill,878.0,451.0,286,WR
Tyrell Shavers,641.0,491.0,1524,WR
Tyrone Tracy,1817.0,289.0,1632,RB
Tyson Bagent,2043.0,253.0,1478,QB
Wan'Dale Robinson,2906.0,157.0,1274,WR
Will Howard,1668.0,309.0,1736,QB
Will Kacmarek,1508.0,331.0,2017,TE
Will Levis,731.0,481.0,1402,QB
Will Shipley,1640.0,312.0,1572,RB
Woody Marks,2759.0,172.0,1753,RB
Xavier Gipson,807.0,475.0,1504,WR
Xavier Hutchinson,2206.0,233.0,1454,WR
Xavier Legette,1811.0,291.0,1610,WR
Xavier Restrepo,980.0,412.0,1777,WR
Xavier Worthy,3246.0,128.0,1591,WR
Zach Charbonnet,3228.0,130.0,1384,RB
Zach Ertz,1972.0,265.0,305,TE
Zachariah Branch,2489.0,203.0,1969,WR
Zavier Scott,472.0,505.0,1898,RB
Zavion Thomas,2049.0,252.0,1983,WR
Zay Flowers,6027.0,33.0,1443,WR
Zay Jones,459.0,512.0,327,WR
