Player,Composite,Sites,ktc,idpTradeCalc
2026 Early 1st,5972,2,5972,5565
2026 Early 2nd,3573,2,3573,3348
2026 Early 3rd,3000,2,3000,2401
2026 Early 4th,2654,2,2654,1725
2026 Early 5th,2038,0,,
2026 Early 6th,1914,0,,
2026 Late 1st,4281,2,4281,3985
2026 Late 2nd,3160,2,3160,2893
2026 Late 3rd,2828,2,2828,2134
2026 Late 4th,2276,2,2276,1520
2026 Late 5th,1953,0,,
2026 Late 6th,1841,0,,
2026 Mid 1st,4914,2,4914,4732
2026 Mid 2nd,3230,2,3230,3174
2026 Mid 3rd,2904,2,2904,2283
2026 Mid 4th,2478,2,2478,1659
2026 Mid 5th,1982,0,,
2026 Mid 6th,1900,0,,
2026 Pick 1.01,7369,2,7369,8013
2026 Pick 1.02,5674,2,5674,8323
2026 Pick 1.03,5449,2,5449,6647
2026 Pick 1.04,5397,2,5397,6486
2026 Pick 1.05,5042,2,5042,5961
2026 Pick 1.06,4973,2,4973,5575
2026 Pick 1.07,4893,2,4893,5312
2026 Pick 1.08,4747,2,4747,5200
2026 Pick 1.09,4689,2,4689,4908
2026 Pick 1.10,4276,2,4276,4845
2026 Pick 1.11,4269,2,4269,4553
2026 Pick 1.12,3890,2,3890,4409
2026 Pick 2.01,3725,2,3725,3990
2026 Pick 2.02,3706,2,3706,3863
2026 Pick 2.03,3433,2,3433,3685
2026 Pick 2.04,3428,2,3428,3528
2026 Pick 2.05,3340,2,3340,3430
2026 Pick 2.06,3196,2,3196,3308
2026 Pick 2.07,3193,2,3193,3261
2026 Pick 2.08,3192,2,3192,3144
2026 Pick 2.09,3186,2,3186,3088
2026 Pick 2.10,3184,2,3184,3031
2026 Pick 2.11,3149,2,3149,2925
2026 Pick 2.12,3122,2,3122,2749
2026 Pick 3.01,3050,2,3050,2631
2026 Pick 3.02,3040,2,3040,2476
2026 Pick 3.03,2958,2,2958,2388
2026 Pick 3.04,2954,2,2954,2350
2026 Pick 3.05,2929,2,2929,2328
2026 Pick 3.06,2908,2,2908,2285
2026 Pick 3.07,2907,2,2907,2243
2026 Pick 3.08,2872,2,2872,2140
2026 Pick 3.09,2835,2,2835,2062
2026 Pick 3.10,2832,2,2832,1962
2026 Pick 3.11,2831,2,2831,1912
2026 Pick 3.12,2816,2,2816,1766
2026 Pick 4.01,2737,2,2737,1720
2026 Pick 4.02,2696,2,2696,1637
2026 Pick 4.03,2594,2,2594,1587
2026 Pick 4.04,2591,2,2591,1556
2026 Pick 4.05,2526,2,2526,1544
2026 Pick 4.06,2513,2,2513,1524
2026 Pick 4.07,2502,2,2502,1502
2026 Pick 4.08,2370,2,2370,1478
2026 Pick 4.09,2369,2,2369,1428
2026 Pick 4.10,2276,2,2276,1412
2026 Pick 4.11,2272,2,2272,1381
2026 Pick 4.12,2186,2,2186,1352
2026 Pick 5.01,2070,0,,
2026 Pick 5.02,2063,0,,
2026 Pick 5.03,2015,0,,
2026 Pick 5.04,2004,0,,
2026 Pick 5.05,1993,0,,
2026 Pick 5.06,1988,0,,
2026 Pick 5.07,1976,0,,
2026 Pick 5.08,1972,0,,
2026 Pick 5.09,1961,0,,
2026 Pick 5.10,1957,0,,
2026 Pick 5.11,1955,0,,
2026 Pick 5.12,1938,0,,
2026 Pick 6.01,1920,0,,
2026 Pick 6.02,1918,0,,
2026 Pick 6.03,1909,0,,
2026 Pick 6.04,1908,0,,
2026 Pick 6.05,1900,0,,
2026 Pick 6.06,1900,0,,
2026 Pick 6.07,1900,0,,
2026 Pick 6.08,1899,0,,
2026 Pick 6.09,1866,0,,
2026 Pick 6.10,1860,0,,
2026 Pick 6.11,1859,0,,
2026 Pick 6.12,1778,0,,
2027 Early 1st,6631,2,7021,6909
2027 Early 2nd,3701,2,3869,3750
2027 Early 3rd,2657,2,2654,2464
2027 Early 4th,2148,2,1987,1933
2027 Early 5th,1913,0,,
2027 Early 6th,1797,0,,
2027 Late 1st,4763,2,5052,4958
2027 Late 2nd,3156,2,3233,3200
2027 Late 3rd,2492,2,2513,2263
2027 Late 4th,1892,2,1829,1672
2027 Late 5th,1833,0,,
2027 Late 6th,1728,0,,
2027 Mid 1st,5456,2,5874,5560
2027 Mid 2nd,3374,2,3521,3446
2027 Mid 3rd,2576,2,2522,2459
2027 Mid 4th,2039,2,1914,1847
2027 Mid 5th,1861,0,,
2027 Mid 6th,1783,0,,
2028 Early 1st,5338,2,5523,5305
2028 Early 2nd,3218,2,3287,3270
2028 Early 3rd,2429,2,2487,2209
2028 Early 4th,1910,2,1808,1618
2028 Early 5th,1730,0,,
2028 Early 6th,1624,0,,
2028 Late 1st,4045,2,4262,4077
2028 Late 2nd,2845,2,2958,2824
2028 Late 3rd,2202,2,2150,2023
2028 Late 4th,1593,2,1460,1346
2028 Late 5th,1657,0,,
2028 Late 6th,1562,0,,
2028 Mid 1st,4499,2,4587,4636
2028 Mid 2nd,2990,2,3116,3016
2028 Mid 3rd,2351,2,2386,2165
2028 Mid 4th,1747,2,1632,1454
2028 Mid 5th,1682,0,,
2028 Mid 6th,1612,0,,
2029 Early 1st,4556,1,4594,
2029 Early 2nd,2919,1,3006,
2029 Early 3rd,2182,1,2155,
2029 Early 4th,1732,1,1602,
2029 Early 5th,1516,0,,
2029 Early 6th,1424,0,,
2029 Late 1st,3639,1,3791,
2029 Late 2nd,2586,1,2664,
2029 Late 3rd,1990,1,1929,
2029 Late 4th,1400,1,1242,
2029 Late 5th,1453,0,,
2029 Late 6th,1369,0,,
2029 Mid 1st,3990,1,4101,
2029 Mid 2nd,2723,1,2829,
2029 Mid 3rd,2113,1,2087,
2029 Mid 4th,1555,1,1400,
2029 Mid 5th,1475,0,,
2029 Mid 6th,1413,0,,
A'Shawn Robinson,1115,1,,756
A.J. Brown,5292,3,4429,5303
AJ Barner,3368,3,2639,3078
AJ Dillon,948,2,948,
AJ Haulcy,1993,1,,2048
Aaron Anderson,1918,1,,
Aaron Donald,514,1,,
Aaron Jones,2674,3,2674,2283
Aaron Rodgers,2033,3,2033,1971
Abdul Carter,4283,1,,5419
Adam Randall,1976,3,1900,1976
Adam Thielen,794,1,,
Adonai Mitchell,3147,3,3147,2564
Aidan Hutchinson,4979,1,,6444
Akayleb Evans,503,1,,
Akeem Davis-Gaither,1434,1,,1226
Akheem Mesidor,1961,1,,2001
Alec Pierce,3686,3,3452,3686
Alex Anzalone,1900,1,,1911
Alex Highsmith,2749,1,,3162
Alex Singleton,1906,1,,1920
Alex Wright,1142,1,,796
Alim McNeill,1116,1,,757
Alohi Gilman,1434,1,,1226
Alontae Taylor,1436,1,,1229
Alvin Kamara,2123,3,2123,1932
Amani Hooker,1442,1,,1238
Amik Robertson,503,1,,
Amon-Ra St. Brown,8171,3,8063,8171
Andrei Iosivas,1593,3,1377,1593
Andrew Mukuba,1436,1,,1228
Andrew Van Ginkel,2033,1,,2108
Andrew Wingard,1139,1,,791
Andy Phillips,1225,1,,1225
Anthony Hill,1972,1,,2017
Anthony Richardson,1902,3,1792,1902
Antoine Winfield,2027,1,,2098
Antonio Johnson,1451,1,,1251
Antonio Williams,3196,3,3196,2860
Arian Smith,894,3,786,894
Arnold Ebiketie,1115,1,,756
Arvell Reese,4269,1,,5399
Ashton Dulin,794,1,,
Ashton Gillotte,1232,1,,928
Ashton Jeanty,7465,3,7465,7377
Audric Estime,1428,3,1120,1428
Austin Booker,1900,1,,1911
Austin Ekeler,896,2,896,
Austin Hooper,967,2,458,
Avieon Terrell,503,1,,
Azareye'h Thomas,503,1,,
Azeez Al-Shaair,1984,1,,2035
Azeez Ojulari,1116,1,,757
B.J. Hill,1124,1,,769
Baker Mayfield,4547,3,3659,4547
Barika Kpeenu,1148,1,,
Barion Brown,1750,3,1646,1750
Baron Browning,1132,1,,781
Barrett Carter,1942,1,,1973
Ben Sinnott,2022,3,1405,2022
Bhayshul Tuten,4768,3,4768,4337
Bijan Robinson,9996,3,9968,9996
Billy Bowman,1466,1,,1273
Blake Cashman,2645,1,,3009
Blake Corum,3550,3,3550,3536
Bo Melton,831,3,793,831
Bo Nix,5993,3,5474,5993
Bobby Okereke,1435,1,,1227
Bobby Wagner,1458,1,,1261
Boye Mafe,1525,1,,1359
Braden Fiske,1434,1,,1225
Bradley Chubb,1472,1,,1282
Braelon Allen,3147,3,3147,2672
Brandin Cooks,478,2,478,
Brandon Aiyuk,1071,1,,1071
Brandon Aubrey,429,1,,
Brandon Cisse,1126,1,,773
Brandon Dorlus,1128,1,,775
Brandon Jones,1439,1,,1233
Brandon Knight,991,3,827,991
Branson Combs,1434,1,,1226
Brashard Smith,1657,3,1657,1639
Breece Hall,5507,3,5507,5253
Brenen Thompson,1859,3,1619,1859
Brenton Strange,3549,3,2801,3349
Brevin Jordan,1338,3,789,1299
Brian Branch,2677,1,,3055
Brian Burns,3047,1,,3600
Brian Robinson,2546,3,2546,2280
Brian Thomas,4356,3,3326,4613
Brock Bowers,9348,3,8092,9129
Brock Purdy,6907,3,6907,5634
Brock Wright,1318,3,766,1184
Bryan Bresee,1143,1,,798
Bryan Cook,1438,1,,1232
Bryan Thompson,794,1,,
Bryce Boettcher,1512,1,,1340
Bryce Lance,1957,3,1935,1957
Bryce Young,5355,3,5355,3761
Brycen Tremayne,794,1,,
Bub Means,804,1,,804
Bucky Irving,4900,3,4900,4655
Bud Clark,1442,1,,1237
Budda Baker,1958,1,,1997
Byron Murphy,2639,1,,2999
Byron Young,2852,1,,3313
C.J. Gardner-Johnson,1434,1,,1226
C.J. Henderson,503,1,,
C.J. Stroud,4560,3,4247,4560
CJ Allen,2737,1,,3144
CJ Daniels,1175,3,1144,1175
CJ Donaldson,807,1,,
Cade Klubnik,2063,3,1935,2063
Cade Otton,2780,3,2110,2581
Cade Stover,1776,3,1189,1659
Caden Curry,514,1,,
Cairo Santos,429,1,,
Caleb Banks,1468,1,,1276
Caleb Douglas,3122,3,3122,2704
Caleb Downs,2908,1,,3396
Caleb Williams,7845,3,7616,7845
Calen Bullock,1203,1,,886
Calijah Kancey,1906,1,,1920
Calvin Austin,1269,3,1067,1269
Calvin Ridley,1736,3,1158,1736
Cam Bynum,1436,1,,1228
Cam Hart,503,1,,
Cam Little,429,1,,
Cam Skattebo,4755,3,4755,4707
Cam Taylor-Britt,1146,1,,802
Cam Ward,4504,3,3480,4768
Cameron Dicker,429,1,,
Cameron Heyward,1434,1,,1225
Cameron Thomas,514,1,,
Carl Granderson,1904,1,,1917
Carnell Tate,5674,3,4981,5674
Carson Beck,2831,3,2537,2831
Carson Schwesinger,4451,1,,5667
Carson Wentz,1664,2,1664,
Case Keenum,850,2,850,
Cashius Howell,1918,1,,1938
Caullin Lacy,1900,1,,
Cedric Gray,2668,1,,3043
Cedric Tillman,1556,3,1224,1556
CeeDee Lamb,7298,3,7298,7166
Chamarri Conner,1544,1,,1388
Charlie Kolar,1897,3,1305,1628
Chase Brown,5823,3,5823,5668
Chase McLaughlin,429,1,,
Chase Young,2599,1,,2940
Chig Okonkwo,3037,3,2173,3037
Chimere Dike,2133,3,1935,2133
Chip Trayanum,1364,1,,
Chop Robinson,2014,1,,2080
Chris Bell,3192,3,3192,2976
Chris Boswell,429,1,,
Chris Braswell,1116,1,,757
Chris Brazzell,2276,3,2116,2276
Chris Brooks,1586,3,1586,1476
Chris Godwin,2986,3,2600,2986
Chris Hilton,1469,1,,
Chris Johnson,1434,1,,1225
Chris Jones,1534,1,,1373
Chris Moore,794,1,,
Chris Olave,6771,3,6771,5702
Chris Rodriguez,2642,3,2238,2642
Christen Miller,1151,1,,809
Christian Barmore,1434,1,,1226
Christian Benford,1150,1,,807
Christian Elliss,1441,1,,1236
Christian Gonzalez,1434,1,,1225
Christian Harris,1188,1,,864
Christian Izien,1126,1,,772
Christian Kirk,1761,3,1505,1761
Christian McCaffrey,5671,3,5671,5277
Christian Rozeboom,1434,1,,1226
Christian Watson,5184,3,5184,3835
Chuba Hubbard,3965,3,3965,3014
Chuck Clark,503,1,,
Coby Bryant,1177,1,,848
Cody Barton,1437,1,,1230
Cody Simon,1435,1,,1227
Cody White,1023,2,1023,
Colbie Young,1304,3,1304,1168
Colby Parkinson,2613,3,1957,2341
Cole Bishop,1903,1,,1916
Cole Kmet,2647,3,1990,2359
Cole Payton,785,3,520,785
Colston Loveland,6726,3,5299,7040
Colton Hood,503,1,,
Cooper DeJean,2653,1,,3020
Cooper Kupp,1761,3,1761,1644
Courtland Sutton,3099,3,2632,3099
Craig Woodson,1434,1,,1225
Cyrus Allen,2954,3,2265,2954
D'Andre Swift,4688,3,4688,3844
D'Marco Jackson,520,1,,
D.J. Reed,503,1,,
DJ Giddens,1852,3,1635,1852
DJ Moore,3814,3,3814,3746
DJ Rogers,1434,1,,
DJ Turner,503,1,,
DJ Wonnum,1123,1,,768
DK Metcalf,3375,3,3160,3375
DaRon Bland,1135,1,,785
Dadrion Taylor-Demerson,1435,1,,1227
Daiyan Henley,1979,1,,2028
Dak Prescott,5379,3,5379,4967
Dallas Goedert,3429,3,2695,3009
Dallas Turner,3430,1,,4164
Dalton Kincaid,5084,3,4408,3708
Dalton Schultz,3337,3,2609,2658
Dameon Pierce,954,3,784,954
Damien Martinez,1274,1,,1274
Dan Bailey,429,1,,
Dane Belton,1195,1,,874
Dani Dennis-Sutton,1434,1,,1226
Daniel Bellinger,1755,3,1170,1691
Daniel Carlson,429,1,,
Daniel Jones,3672,3,3504,3672
Danielle Hunter,2660,1,,3031
Danny Stutsman,1446,1,,1243
Dante Trader,1437,1,,1230
Darius Cooper,794,1,,
Darius Robinson,1133,1,,783
Darius Slayton,1448,3,1014,1448
Darnell Mooney,1843,3,1657,1843
Darnell Washington,2733,3,2068,2335
Daron Payne,1128,1,,776
Darren Waller,2560,3,1907,1612
Davante Adams,3954,3,3954,3408
David Bailey,3050,1,,3605
David Bell,1042,3,912,1042
David Montgomery,3479,3,3418,3479
David Njoku,2566,3,1724,2566
David Walker,1124,1,,769
Davis Allen,1462,3,902,1316
Davis Mills,1160,3,1076,1160
Dawson Knox,2517,3,1867,1997
Dax Hill,1444,1,,1240
Dayo Odeyingbo,1118,1,,761
De'Von Achane,6498,3,5485,6983
De'Zhaun Stribling,3890,3,3539,3890
DeAndre Hopkins,794,1,,
DeForest Buckner,1923,1,,1945
DeMarcus Lawrence,1434,1,,1226
DeMario Douglas,2041,3,2041,1946
DeMarvion Overshown,2003,1,,2063
DeShon Elliott,1438,1,,1231
DeVonta Smith,5671,3,5671,5533
Dee Alford,503,1,,
Dee Winters,1902,1,,1915
Deebo Samuel,2837,3,2837,2396
Deion Burks,1364,3,1346,1364
Demarcus Robinson,1071,2,1071,
Demario Davis,1516,1,,1346
Demetrius Knight,1916,1,,1936
Demond Claiborne,2370,3,2128,2370
Denzel Boston,4747,3,4747,3744
Deommodore Lenoir,1154,1,,814
Deone Walker,514,1,,
Deontae Lawson,406,1,,
Derek Stingley,1128,1,,775
Derick Hall,1453,1,,1254
Derius Davis,480,2,480,
Derrick Barnes,1438,1,,1231
Derrick Brown,1902,1,,1915
Derrick Harmon,1450,1,,1250
Derrick Henry,5065,3,5065,4199
Derrick Moore,1908,1,,1923
Derwin James,2620,1,,2971
Deshaun Watson,2614,3,2614,1913
Desmond Reid,1675,1,,
Devaughn Vele,2764,3,2764,1606
Devin Bush,2632,1,,2989
Devin Lloyd,2997,1,,3527
Devin Neal,1789,3,1055,1789
Devin Singletary,1481,3,1481,1111
Devin White,1184,1,,857
Devon Witherspoon,1946,1,,1980
Devonte Wyatt,1446,1,,1244
Devontez Walker,1475,3,1475,1319
Dexter Lawrence,1905,1,,1919
Dillon Gabriel,1150,3,1150,1001
Dillon Thieneman,2835,1,,3288
Divine Deablo,1944,1,,1977
Dohnte Meyers,705,2,705,
Donovan Edwards,1130,1,,1130
Donovan Ezeiruaku,1930,1,,1956
Donoven McCulley,1222,1,,
Dont'e Thornton,1866,3,1635,1866
Dontayvion Wicks,3084,3,3084,2533
Dorance Armstrong,1434,1,,1225
Dorian Williams,1434,1,,1225
Drake London,6866,3,6761,6866
Drake Maye,7747,3,6463,8978
Drake Thomas,1904,1,,1918
Dre Greenlaw,1457,1,,1259
Dre'Mont Jones,514,1,,
Drew Allar,2591,3,2392,2591
Drew Lock,2156,3,2156,796
Drue Tranquill,1491,1,,1310
Dyami Brown,1279,3,1218,1279
Dylan Laube,503,2,503,
Dylan Sampson,2660,3,2487,2660
Ed Oliver,1508,1,,1334
Eddy Pineiro,429,1,,
Edgerrin Cooper,3053,1,,3609
Efton Chism,1115,3,921,1115
Eli Heidenreich,1675,3,1650,1675
Eli Raridon,3193,3,2476,2850
Eli Stowers,3706,3,2747,3706
Elic Ayomanor,2319,3,2186,2319
Elijah Arroyo,2730,3,2033,2730
Elijah Higgins,1485,3,915,1485
Elijah Molden,1125,1,,771
Elijah Moore,1190,3,1024,1190
Elijah Ponder,514,1,,
Elijah Sarratt,2513,3,2161,2513
Emanuel Wilson,1999,3,1999,1706
Emari Demercado,1332,3,1332,1256
Emeka Egbuka,6217,3,5402,6236
Emmanuel Henderson,1193,1,,
Emmanuel McNeil-Warren,1955,1,,1992
Emmett Johnson,3149,3,3149,2531
Eric McAlister,2070,1,,
Eric Rivers,1566,1,,
Eric Wilson,1439,1,,1233
Erick All,1926,3,1274,1926
Ernest Jones,2762,1,,3180
Evan Engram,2563,3,1910,2092
Evan McPherson,429,1,,
Evan Williams,1434,1,,1225
Fernando Mendoza,5397,3,5269,5397
Foster Moreau,1116,2,594,
Foyesade Oluokun,2626,1,,2980
Frank Gore,976,3,851,976
Frankie Luvu,1563,1,,1415
Fred Warner,3436,1,,4173
Gabe Davis,1083,3,869,1083
Gabe Jacas,1137,1,,789
Gardner Minshew,944,3,815,944
Garrett Nussmeier,1458,3,1375,1458
Garrett Wilson,6220,3,6220,5624
Genesis Smith,1168,1,,834
Geno Smith,2538,3,2538,2113
Geno Stone,1118,1,,761
George Holani,1917,3,1917,1691
George Karlaftis,2819,1,,3264
George Kittle,4612,3,3745,3707
George Pickens,6256,3,6057,6256
Germie Bernard,2907,3,2720,2907
Gervon Dexter,1434,1,,1225
Gracen Halton,1148,1,,804
Grant Delpit,1489,1,,1306
Greg Dortch,1254,3,1096,1254
Greg Dulcich,2597,3,1943,2577
Greg Rousseau,2685,1,,3068
Gunnar Helm,2912,3,2162,2912
Harold Fannin,5731,3,4673,5224
Harold Landry,1901,1,,1913
Harold Perkins,1190,1,,867
Harrison Bryant,821,1,,821
Harrison Butker,429,1,,
Harrison Wallace,2186,1,,
Henry To'oTo'o,1461,1,,1265
Hezekiah Masses,503,1,,
Hunter Henry,2853,3,2180,2769
Hunter Long,965,2,455,
Isaac Guerendo,1257,3,1136,1257
Isaac TeSlaa,2479,3,2446,2479
Isaiah Bond,2043,3,1736,2043
Isaiah Davis,1934,3,1906,1934
Isaiah Hodgins,994,3,583,994
Isaiah Likely,4697,3,3815,3824
Isaiah McDuffie,1434,1,,1225
Isaiah McGuire,1129,1,,777
Isaiah Williams,794,1,,
Isiah Pacheco,2090,3,1656,2090
Israel Abanikanda,974,3,788,974
Ivan Pace,1436,1,,1228
J'Mari Taylor,1185,3,1151,1185
J. Michael Sturdivant,1468,1,,
J.J. McCarthy,2312,3,2312,2181
J.K. Dobbins,2972,3,2799,2972
Ja'Kobi Lane,3186,3,3107,3186
Ja'Marr Chase,9560,3,9146,9949
Ja'Quan McMillian,1131,1,,779
Ja'Tavion Sanders,2254,3,1485,2254
Jack Bech,2324,3,2196,2324
Jack Campbell,4440,1,,5651
Jack Endries,1778,3,1191,1398
Jack Gibbens,1447,1,,1245
Jack Jones,503,1,,
Jack Kiser,1136,1,,787
Jack Sanborn,1122,1,,767
Jack Sawyer,1434,1,,1225
Jack Strand,1291,3,1291,1261
Jacob Cowing,1217,3,1217,1161
Jacob Parrish,1902,1,,1914
Jacob Rodriguez,4276,1,,5409
Jacob Saylors,1235,2,1235,
Jacoby Brissett,2648,3,2648,2515
Jacory Croskey-Merritt,3200,3,3150,3200
Jadarian Price,5042,3,4573,5042
Jaden Dugger,1148,1,,805
Jadeveon Clowney,514,1,,
Jaelan Phillips,2775,1,,3200
Jahan Dotson,1687,3,1538,1687
Jahdae Barron,1131,1,,780
Jahdae Walker,1379,3,1379,1288
Jahmyr Gibbs,9999,3,9999,9997
Jaishawn Barham,1445,1,,1242
Jake Bates,429,1,,
Jake Bobo,872,3,521,872
Jake Elliott,429,1,,
Jake Ferguson,3923,3,3128,3526
Jake Golday,1988,1,,2041
Jake Tonges,2349,3,1565,2349
Jakobe Thomas,1442,1,,1237
Jakobi Meyers,2846,3,2846,2769
Jaleel McLaughlin,1264,3,1132,1264
Jalen Carter,2609,1,,2955
Jalen Coker,4575,3,4575,3249
Jalen Hurts,5986,3,5966,5986
Jalen Huskey,1121,1,,765
Jalen McMillan,2754,3,2452,2754
Jalen Milroe,2095,3,1965,2095
Jalen Nailor,2471,3,2082,2471
Jalen Pitre,1924,1,,1947
Jalen Ramsey,1218,1,,908
Jalen Redmond,1903,1,,1916
Jalen Royals,1819,3,1819,1760
Jalen Thompson,1438,1,,1232
Jalen Tolbert,1772,3,1308,1772
Jalen Walthall,1458,1,,
Jalin Hyatt,1282,3,990,1282
Jalon Daniels,2272,2,2272,
Jalon Kilgore,1120,1,,764
Jalon Walker,2056,1,,2141
Jalyx Hunt,1908,1,,1923
Jam Miller,1184,1,,1184
Jamal Haynes,1501,1,,
Jamari Thrash,461,2,461,
Jamarion Miller,2272,1,,
Jameis Winston,1769,3,1769,1153
James Conner,1470,3,1196,1470
James Cook,6646,3,6646,6441
James Pearce,1936,1,,1964
James Pierre,503,1,,
Jameson Williams,4798,3,4127,4798
Jamien Sherwood,2048,1,,2129
Jaquan Brisker,1462,1,,1267
Jared Goff,4670,3,4670,4646
Jared Verse,3054,1,,3611
Jared Wiley,1331,3,780,1268
Jarquez Hunter,1567,3,1291,1567
Jarrett Stidham,828,1,,
Jason Myers,429,1,,
Jason Pinnock,1115,1,,756
Jauan Jennings,2269,3,1875,2269
Javon Baker,1010,3,960,1010
Javon Bullard,1171,1,,839
Javonte Williams,4863,3,4863,4705
Jawhar Jordan,807,1,,
Jaxon Smith-Njigba,9996,3,9996,9262
Jaxson Dart,5931,3,5583,5931
Jaycee Horn,1123,1,,768
Jayden Daniels,6960,3,5996,7397
Jayden Higgins,3048,3,3048,2974
Jayden Reed,3364,3,2743,3364
Jaydn Ott,1778,1,,
Jaydon Blue,2291,3,1255,2307
Jaylahn Tuimoloau,1434,1,,1225
Jaylen Waddle,5085,3,4607,5085
Jaylen Warren,3644,3,3644,3258
Jaylen Wright,2602,3,2602,2174
Jaylin Lane,2019,3,1990,2019
Jaylin Noel,2550,3,2438,2550
Jaylon Carlies,1118,1,,760
Jeff Caldwell,1859,1,,
Jeffery Simmons,2726,1,,3127
Jer'Zhan Newton,1899,1,,1910
Jeremiah Trotter,1117,1,,759
Jeremiyah Love,7369,3,7324,7369
Jeremy Chinn,1916,1,,1935
Jeremy Ruckert,1166,3,636,832
Jermaine Johnson,1556,1,,1406
Jermod McCoy,503,1,,
Jerome Ford,1129,3,828,1129
Jerry Jeudy,2277,3,1916,2277
Jessie Bates,1901,1,,1913
Jevón Holland,1434,1,,1225
Ji'Ayir Brown,1120,1,,763
Jihaad Campbell,2950,1,,3458
Jimmy Horn,1528,3,1120,1528
Jimmy Rolder,1206,1,,890
Joe Burrow,7277,3,6972,7277
Joe Flacco,849,3,668,849
Joe Milton,1624,3,1419,1624
Joe Mixon,807,1,,
Joe Royer,1652,1,,
Joey Bosa,1120,1,,763
Joey Porter,1181,1,,854
John Franklin-Myers,1130,1,,778
John Metchie,1368,3,1330,1368
John Michael Gyllenborg,1190,1,,
Johnny Wilson,473,2,473,
Jonah Coleman,3428,3,3428,3303
Jonah Elliss,1437,1,,1230
Jonah Laulu,1139,1,,792
Jonas Sanker,1900,1,,1912
Jonathan Allen,1119,1,,762
Jonathan Greenard,2604,1,,2948
Jonathan Mingo,1068,3,1068,1051
Jonathan Taylor,6727,3,6727,6338
Jonathon Brooks,3697,3,2733,3729
Jonathon Cooper,1478,1,,1291
Jonnu Smith,1654,2,1076,
Jordan Addison,3804,3,3734,3804
Jordan Battle,1902,1,,1914
Jordan Burch,1170,1,,837
Jordan Davis,1494,1,,1314
Jordan Hudson,1860,1,,
Jordan James,2127,3,1854,2127
Jordan Love,5357,3,4942,5357
Jordan Magee,1116,1,,757
Jordan Mason,2962,3,2785,2962
Jordan Watkins,1328,3,1328,1282
Jordan Whittington,1461,3,1347,1461
Jordyn Brooks,3049,1,,3603
Jordyn Tyson,4973,3,4805,4973
Josaiah Stewart,1434,1,,1225
Joseph Ossai,1435,1,,1227
Josh Allen,9994,3,9988,9994
Josh Cameron,1469,2,1469,
Josh Cuevas,1291,1,,
Josh Downs,3915,3,3915,3487
Josh Hines-Allen,3043,1,,3595
Josh Jacobs,3935,3,2966,4008
Josh Oliver,966,3,457,823
Josh Sweat,1901,1,,1913
Joshua Josephs,1193,1,,871
Joshua Metellus,1504,1,,1329
Joshua Palmer,1835,3,1835,1562
Josiah Trotter,2594,1,,2934
Jourdan Lewis,1133,1,,782
Julian Love,1899,1,,1910
Julius Chestnut,474,2,474,
Junior Colson,1215,1,,903
Justice Hill,1601,3,1601,1526
Justin Fields,1816,3,1534,1816
Justin Herbert,6410,3,5385,6912
Justin Jefferson,7371,3,7245,7371
Justin Joly,2369,3,1437,2369
Justin Reid,1209,1,,894
Justin Strnad,1239,1,,939
Juwan Johnson,3900,3,3107,2904
K'Lavon Chaisson,1435,1,,1227
KC Concepcion,4689,3,4355,4689
Ka'imi Fairbairn,429,1,,
KaVontae Turpin,1019,3,1019,1003
Kaden Elliss,1975,1,,2022
Kaden Wetjen,1866,1,,
Kaelon Black,3184,3,3184,2452
Kaleb Elarms-Orr,1909,1,,1925
Kaleb Johnson,2171,3,2171,1902
Kalel Mullings,1098,3,896,1098
Kalif Raymond,1728,2,1728,
Kam Curl,1904,1,,1918
Kamari Lassiter,1443,1,,1239
Kamari Ramsey,1140,1,,793
Kameron Johnson,1242,3,1242,1239
Kamren Kinchens,1436,1,,1229
Kayden McDonald,1115,1,,756
Kayshon Boutte,2758,3,2494,2758
Kaytron Allen,2502,3,2167,2502
Kayvon Thibodeaux,1933,1,,1961
KeAndre Lambert-Smith,1393,3,1185,1393
Keaton Mitchell,2714,3,2714,2687
Keeanu Benton,1450,1,,1249
Keenan Allen,1731,3,1731,1581
Keion White,1118,1,,761
Keionte Scott,1899,1,,1910
Keisean Nixon,1145,1,,801
Keith Abney,503,1,,
Keldric Faulk,1920,1,,1941
Kendal Daniels,1900,1,,1912
Kendall Milton,918,3,810,918
Kendre Miller,2367,3,2367,1666
Kendrick Bourne,1596,3,1596,1177
Kendrick Law,1574,1,,
Kenneth Grant,1448,1,,1246
Kenneth Murray,520,1,,
Kenneth Walker,7246,3,7246,5751
Kenny Gainwell,2979,3,2491,2979
Kenny Pickett,938,3,704,938
Kentrel Bullock,1175,1,,
Kenyon Sadiq,5449,3,4675,4289
Keon Coleman,2620,3,2620,2321
Kerby Joseph,1173,1,,842
Kevin Byard,1436,1,,1228
Kevin Coleman,2070,3,2070,2028
Kevin Winston,2064,1,,2153
Keyron Crawford,1121,1,,765
Keyshaun Elliott,1116,1,,758
Khalil Herbert,928,3,788,928
Khalil Mack,1448,1,,1247
Khalil Shakir,2848,3,2811,2848
Kimani Vidal,2180,3,1978,2180
Kirk Cousins,2623,3,2623,1836
Kobie Turner,1912,1,,1930
Konata Mumpfield,1688,3,1688,1291
Kool-Aid McKinstry,1228,1,,923
Kwity Paye,1463,1,,1269
Kyle Dugger,503,1,,
Kyle Hamilton,3044,1,,3596
Kyle Louis,1476,1,,1288
Kyle McCord,778,2,778,
Kyle Monangai,3496,3,3496,3381
Kyle Pitts,4654,3,3276,4939
Kyle Van Noy,520,1,,
Kyle Williams,2186,3,2056,2186
Kyler Gordon,1243,1,,945
Kyler Murray,3867,3,3479,3867
Kyren Williams,5196,3,5196,4977
L'Jarius Sneed,1134,1,,784
LT Overton,705,1,,
LaJohntay Wester,503,2,503,
Ladd McConkey,5668,3,5365,5668
Laiatu Latu,3051,1,,3606
Lake McRee,1455,1,,
Lamar Jackson,7630,3,7630,7507
Lander Barton,263,1,,
Landon Jackson,1117,1,,759
Laquon Treadwell,794,1,,
Lathan Ransom,1441,1,,1236
Le'Veon Moss,862,3,775,862
LeQuint Allen,2078,3,1780,2078
Lee Hunter,1115,1,,756
Leo Chenal,1911,1,,1928
Leonard Williams,1906,1,,1921
Lil'Jordan Humphrey,553,2,553,
Lukas Van Ness,1440,1,,1235
Luke Altmyer,460,2,460,
Luke McCaffrey,1520,3,1284,1520
Luke Musgrave,2001,3,1382,2001
Luke Schoonmaker,1474,3,914,1461
Luther Burden,5492,3,5253,5492
Mac Jones,2394,3,2394,2389
Mack Hollins,1704,3,1704,948
Mack Wilson,1921,1,,1943
Makai Lemon,4893,3,4119,4893
Malachi Corley,1191,3,1148,1191
Malachi Fields,2958,3,2958,2806
Malachi Lawrence,1938,1,,1967
Malachi Moore,503,1,,
Malaki Starks,1910,1,,1926
Malcolm Koonce,1122,1,,767
Malcolm Roach,514,1,,
Malik Benson,1698,3,1558,1698
Malik Davis,1507,3,1507,1434
Malik Muhammad,503,1,,
Malik Mustapha,1444,1,,1241
Malik Nabers,7365,3,6608,7399
Malik Washington,2797,3,2797,2692
Malik Willis,3675,3,3229,3675
Mansoor Delane,1127,1,,774
MarShawn Lloyd,2477,3,2141,2477
Marcus Harris,503,1,,
Marcus Jones,1455,1,,1256
Marcus Mariota,2150,3,2150,935
Mark Andrews,3300,3,2574,3000
Marlin Klein,1866,3,1274,1689
Marlon Humphrey,1157,1,,818
Marquise Brown,1302,3,1090,1302
Marvin Harrison,4404,3,3325,4775
Marvin Mims,2075,3,1853,2075
Mason Graham,1539,1,,1380
Mason Rudolph,454,2,454,
Mason Taylor,2698,3,2037,2601
Mason Tipton,858,3,794,858
Matayo Uiagalelei,460,1,,
Matt Gay,429,1,,
Matt Hibner,2004,3,1404,1576
Matthew Golden,4948,3,4948,3667
Matthew Hibner,1141,1,,
Matthew Stafford,3733,3,3598,3733
Max Klare,2696,3,2034,2642
Maxx Crosby,3048,1,,3602
Micah McFadden,1135,1,,786
Micah Parsons,4279,1,,5414
Michael Carter,825,3,765,825
Michael Mayer,3269,3,2546,2503
Michael Penix,3500,3,3500,2717
Michael Pittman,3267,3,2660,3267
Michael Taaffe,1141,1,,795
Michael Trigg,1652,3,1058,1652
Michael Wilson,4241,3,4241,3709
Mikail Kamara,280,1,,
Mike Evans,3278,3,3278,3207
Mike Gesicki,2553,3,1900,1764
Mike Green,1928,1,,1953
Mike Sainristil,1529,1,,1365
Mike Washington,3040,3,3027,3040
Milton Williams,1904,1,,1917
Minkah Fitzpatrick,1436,1,,1228
Mitchell Evans,1717,3,1133,1530
Montez Sweat,2040,1,,2118
Mykel Williams,1453,1,,1253
Myles Garrett,4272,1,,5404
Myles Murphy,1520,1,,1352
Najee Harris,1441,3,1441,1362
Nakobe Dean,2803,1,,3241
Nate Boerkircher,896,1,,
Nate Landman,2704,1,,3096
Nate Wiggins,1212,1,,899
Nic Scourton,1480,1,,1294
Nicholas Singleton,2872,3,2605,2872
Nick Bolton,3042,1,,3593
Nick Bosa,3046,1,,3599
Nick Chubb,807,1,,
Nick Cross,1967,1,,2011
Nick Emmanwori,3046,1,,3598
Nick Herbig,2695,1,,3082
Nick Martin,1440,1,,1235
Nick Westbrook-Ikhine,1006,3,771,1006
Nico Collins,5842,3,5842,5684
Nik Bonitto,2974,1,,3492
Nnamdi Madubuike,1444,1,,1240
Noah Fant,2163,3,1547,1658
Noah Gray,2083,3,1476,1836
Noah Sewell,1179,1,,851
Noah Whittington,1900,1,,
Nohl Williams,503,1,,
Nolan Smith,1925,1,,1949
Odafe Oweh,1550,1,,1397
Odell Beckham,794,1,,
Olamide Zaccheaus,1224,3,1224,1185
Ollie Gordon,2967,3,2967,2170
Oluwafemi Oladejo,1167,1,,832
Omar Cooper,3340,3,3275,3340
Omar Speights,1125,1,,771
Omarion Hampton,6645,3,5726,6944
Omarr Norman-Lott,1162,1,,825
Oronde Gadsden,3639,3,2881,3537
Osa Odighizuwa,1120,1,,763
Oscar Delp,2526,3,1876,2490
Parker Washington,5991,3,5991,4403
Pat Bryant,3016,3,3016,2637
Pat Freiermuth,3227,3,2508,2497
Pat Surtain,1119,1,,762
Patrick Mahomes,6612,3,6612,6086
Patrick Queen,1964,1,,2006
Paulson Adebo,1438,1,,1231
Payton Wilson,1952,1,,1988
Pete Werner,1236,1,,934
Peter Woods,1455,1,,1257
Phil Mafah,1280,3,790,1280
Poona Ford,514,1,,
Princely Umanmielen,1160,1,,822
Puka Nacua,8476,3,7683,8726
Quan Martin,1116,1,,758
Quay Walker,2789,1,,3220
Quentin Johnston,3339,3,2781,3339
Quentin Lake,1914,1,,1933
Quincy Williams,1910,1,,1927
Quinn Ewers,1561,3,1316,1561
Quinnen Williams,1931,1,,1958
Quinshon Judkins,5346,3,4887,5346
Quinyon Mitchell,1119,1,,762
R Mason Thomas,1900,1,,1911
RJ Harvey,3380,3,3238,3380
RJ Maryland,1168,1,,
Rachaad White,2721,3,2562,2721
Raheim Sanders,2029,3,2029,1141
Rahsul Faison,1961,1,,
Rashan Gary,1497,1,,1319
Rashee Rice,4912,3,4712,4912
Rasheen Ali,1153,3,1141,1153
Rashid Shaheed,2646,3,2447,2646
Rashod Bateman,2510,3,2510,1987
Ray Davis,1975,3,1841,1975
Red Murdock,1138,1,,790
Reed Blankenship,1435,1,,1227
Reggie Virgil,816,3,711,816
Rhamondre Stevenson,3201,3,3011,3201
Ricky Pearsall,2611,3,2611,2540
Rico Dowdle,3125,3,2629,3125
Riley Leonard,1485,3,1287,1485
Riley Moss,1436,1,,1229
Riley Nowakowski,1442,1,,
Rob Henry,1900,1,,
Robert Spillane,1908,1,,1924
Rod Moore,232,1,,
Roman Hemby,1957,1,,
Roman Wilson,2577,3,2577,1882
Rome Odunze,5149,3,4254,5211
Romello Brinson,1151,1,,
Romello Height,1153,1,,812
Romeo Doubs,3145,3,2655,3145
Ronnie Hickman,1118,1,,760
Roquan Smith,3052,1,,3608
Roschon Johnson,1437,3,1374,1437
Rueben Bain,2929,1,,3426
Ryan Fitzgerald,429,1,,
Ryan Flournoy,2082,3,2082,2030
Sam Darnold,4353,3,4353,4223
Sam Howell,885,3,797,885
Sam LaPorta,5369,3,4366,5069
Sam Roush,1697,3,1114,1401
Samaje Perine,1208,3,1208,840
Saquon Barkley,5274,3,4851,5274
Sauce Gardner,1118,1,,760
Savion Williams,1597,3,1376,1597
Sean Tucker,2222,3,1898,2222
Seth McGowan,1860,3,1860,1697
Shaun Dolac,1201,1,,882
Shedeur Sanders,2465,3,2335,2465
Sheldon Rankins,514,1,,
Shemar James,1144,1,,799
Shemar Stewart,1435,1,,1227
Sincere McCormick,465,2,465,
Sione Vaki,1427,3,1427,881
SirVocea Dennis,1434,1,,1225
Skyler Bell,2186,3,2063,2186
Skyy Moore,1217,3,1217,876
Sonny Styles,3433,1,,4169
Spencer Rattler,1421,3,1144,1421
Stefon Diggs,2833,3,2833,2680
Stetson Bennett,828,2,828,
Suntarine Perkins,382,1,,
T'Vondre Sweat,1247,1,,951
T.J. Edwards,1907,1,,1922
T.J. Hockenson,3187,3,2470,2905
T.J. Watt,2889,1,,3367
TJ Parker,1900,1,,1912
Tahj Brooks,1610,3,1296,1610
Tahj Washington,1297,1,,1297
Tai Felton,1378,3,1207,1378
Talanoa Hufanga,1914,1,,1932
Tank Bigsby,2595,3,2595,2521
Tank Dell,2618,3,2147,2618
Tanner Koziol,1574,3,1001,1520
Tanner McKee,1098,3,871,1098
Tarheeb Still,1131,1,,779
Taron Johnson,1165,1,,829
Tatum Bethune,1225,1,,918
Taurean York,298,1,,
Tavius Robinson,514,1,,
Taylen Green,1517,3,1517,1435
Ted Hurst,2816,3,2816,2541
Teddye Buchanan,1900,1,,1911
Tee Higgins,5145,3,5145,5050
Terrance Ferguson,4022,3,3216,3318
Terrel Bernard,1949,1,,1984
Terrion Arnold,1116,1,,758
Terry McLaurin,3492,3,3243,3492
Tetairoa McMillan,6219,3,5957,6219
Tez Johnson,2105,3,1972,2105
Theo Jackson,1116,1,,757
Theo Johnson,2353,3,1718,2340
Thomas Fidone,840,1,,840
Tommy Eichenberg,1117,1,,759
Tommy Tremble,1824,3,1236,1579
Tony Pollard,2769,3,2684,2769
Tory Horton,2438,3,2197,2438
Travis Etienne,4332,3,3470,4332
Travis Homer,478,2,478,
Travis Hunter,3924,3,2201,5637
Travis Jones,1122,1,,766
Travis Kelce,3740,3,2969,2922
Travon Walker,2020,1,,2089
Trayveon Williams,454,2,454,
Tre Tucker,2813,3,2813,2497
Tre' Harris,2693,3,2693,2649
Tre'von Moehrig,1927,1,,1951
TreVeyon Henderson,5014,3,4678,5014
Tremaine Edmunds,1998,1,,2056
Trent McDuffie,1459,1,,1263
Trenton Simpson,1198,1,,878
Trevin Wallace,1434,1,,1226
Trevor Etienne,2025,3,1813,2025
Trevor Lawrence,6777,3,6777,6235
Trey Benson,1949,3,1577,1949
Trey Hendrickson,2590,1,,2927
Trey Lance,920,3,809,920
Trey McBride,8681,3,7573,8140
Trey Palmer,1213,3,1212,1213
Trey Smack,429,1,,
Treydan Stukes,1501,1,,1324
Treylon Burks,1561,3,1417,1561
Trinidad Chambliss,1698,1,,
Troy Dye,1124,1,,770
Troy Franklin,2401,3,2187,2401
Tua Tagovailoa,2339,3,1758,2339
Tucker Kraft,5635,3,4591,5573
Tuli Tuipulotu,2870,1,,3339
Tutu Atwell,1378,3,1306,1378
Ty Okada,1163,1,,827
Ty Simpson,3725,3,3495,3725
Ty'Ron Hopper,1152,1,,810
Tyjae Spears,2554,3,2406,2554
Tykee Smith,2614,1,,2963
Tyler Allgeier,2687,3,2578,2687
Tyler Badie,1034,3,1034,909
Tyler Bass,429,1,,
Tyler Goodson,1017,3,1017,991
Tyler Higbee,1999,3,1399,1598
Tyler Huntley,1120,3,1120,1058
Tyler Johnson,500,2,500,
Tyler Loop,429,1,,
Tyler Nubin,1470,1,,1279
Tyler Scott,921,3,460,921
Tyler Shough,6030,3,6030,4857
Tyler Warren,6929,3,5757,6635
Tyquan Thornton,1985,3,1985,1789
Tyree Wilson,1158,1,,820
Tyreek Hill,1089,3,1075,1089
Tyrel Dodson,1483,1,,1298
Tyrell Shavers,778,3,460,778
Tyren Montgomery,1750,1,,
Tyrice Knight,1175,1,,845
Tyrique Stevenson,503,1,,
Tyrone Tracy,2321,3,1693,2321
Tyson Bagent,1979,3,1979,1213
Tyson Campbell,1186,1,,860
Uchenna Nwosu,1434,1,,1226
Upton Stout,1486,1,,1302
Ventrell Miller,1436,1,,1229
Vernon Broughton,514,1,,
Vinny Anthony,1512,1,,
Wade Woodaz,1222,1,,913
Walter Nolen,1465,1,,1271
Wan'Dale Robinson,3388,3,2935,3388
Whit Weeks,337,1,,
Wil Lutz,429,1,,
Will Anderson,4652,1,,5963
Will Howard,1753,3,1665,1753
Will Johnson,1116,1,,758
Will Kacmarek,1566,2,994,
Will Lee,503,1,,
Will Levis,1013,3,552,1013
Will McDonald,1900,1,,1912
Will Reichard,429,1,,
Will Shipley,1751,3,1751,1465
Willie Gay,1120,1,,764
Woody Marks,2942,3,2882,2942
Xavier Gipson,925,3,768,925
Xavier Hutchinson,2153,3,2153,1813
Xavier Legette,1901,3,1824,1901
Xavier McKinney,1569,1,,1425
Xavier Restrepo,1103,3,906,1103
Xavier Watts,1940,1,,1970
Xavier Worthy,3134,3,3134,3131
Yaya Diaby,1919,1,,1939
Za'Darius Smith,520,1,,
Zach Allen,2008,1,,2071
Zach Charbonnet,3306,3,3306,3260
Zach Ertz,1848,2,1258,
Zach Harrison,1117,1,,759
Zach Sieler,1440,1,,1234
Zachariah Branch,2832,3,2491,2832
Zack Baun,2715,1,,3111
Zaire Franklin,1913,1,,1931
Zakee Wheatley,1122,1,,766
Zaven Collins,1440,1,,1234
Zavier Scott,483,2,483,
Zavion Thomas,2015,3,2015,1979
Zay Flowers,6258,3,6258,5300
Zion Young,1474,1,,1284
Zyon McCollum,503,1,,
